ranking_popularity,Channel,Watch time (mins),Stream time (mins),Peak viewers,Average viewers,Followers,Followers gained,Partnered,Mature,Language,Esport_channel
1.0,THEGREFG,625107360.0,5280.0,1745462.0,118391.0,11092064.0,558757.0,True,False,Spanish,
2.0,KINGSLEAGUE,500071575.0,2115.0,792033.0,236440.0,1858868.0,580828.0,True,False,Spanish,
3.0,IBAI,391200285.0,5655.0,289137.0,69177.0,12520523.0,259482.0,True,False,Spanish,
4.0,PAULINHOLOKOBR,595767150.0,6060.0,266793.0,98311.0,1975600.0,274200.0,True,False,Portuguese,
5.0,ELSPREEN,513756015.0,5025.0,217043.0,102240.0,6762095.0,527453.0,True,False,Spanish,
6.0,LOUD_CORINGA,448001520.0,9375.0,205471.0,47786.0,3936972.0,180550.0,True,False,Portuguese,
7.0,SHADOUNE666,57765045.0,10905.0,192874.0,5297.0,1119316.0,301862.0,True,False,Spanish,
8.0,AURONPLAY,530178165.0,5565.0,186375.0,95270.0,14708241.0,296731.0,True,False,Spanish,
9.0,LEC,391096965.0,7920.0,178644.0,49380.0,1877067.0,66919.0,True,False,English,Yes
10.0,KAICENAT,984794655.0,13530.0,170617.0,72786.0,4150128.0,507701.0,True,False,English,
11.0,CALL OF DUTY (CALLOFDUTY),276635265.0,5310.0,162194.0,52097.0,1613947.0,103142.0,True,False,English,
12.0,BLASTPREMIER,332054250.0,5550.0,157701.0,59829.0,1510901.0,56414.0,True,False,English,Yes
13.0,AMINEMATUE,101731455.0,2250.0,153299.0,45213.0,1926020.0,51300.0,True,False,French,
14.0,ESL_CSGO,270992805.0,37245.0,148471.0,7275.0,5869723.0,31164.0,True,False,English,Yes
15.0,JAHREIN,271150485.0,11040.0,147761.0,24560.0,1829761.0,67737.0,True,False,Turkish,
16.0,SCUMP,211783725.0,5235.0,137881.0,40455.0,1410960.0,51479.0,True,False,English,
17.0,CASIMITO,144139140.0,7200.0,131175.0,20019.0,3489369.0,49264.0,True,True,Portuguese,
18.0,XQC,838445100.0,14400.0,126238.0,58225.0,11563980.0,73707.0,True,False,English,
19.0,EVELONE192,69225465.0,1125.0,125644.0,61533.0,2311788.0,35867.0,False,True,Russian,
20.0,LCK,246447975.0,6510.0,122815.0,37856.0,1595736.0,88331.0,True,False,English,Yes
21.0,AVALANCHESOFTWARE,7061895.0,75.0,116571.0,94158.0,138897.0,29276.0,False,False,English,
22.0,PLAYAPEX,92068035.0,1890.0,113265.0,48713.0,985812.0,49280.0,True,False,English,Yes
23.0,BIYIN_,51685800.0,4785.0,112381.0,10801.0,3081143.0,72353.0,True,False,Spanish,
24.0,CSGO_MC,90860850.0,9675.0,112277.0,9391.0,1201528.0,6465.0,True,False,Russian,Yes
25.0,JUANSGUARNIZO,150830085.0,5295.0,111090.0,28485.0,9894116.0,240602.0,True,False,Spanish,
26.0,ELRAENN,194555745.0,6255.0,110428.0,31104.0,3882842.0,108406.0,True,True,Turkish,
27.0,ADINROSS,155748645.0,2220.0,107778.0,70157.0,7218651.0,-1794.0,True,False,English,
28.0,TARIK,317720490.0,11010.0,105837.0,28857.0,2466719.0,49645.0,True,False,English,
29.0,NIX,158910600.0,4815.0,105464.0,33003.0,437214.0,29765.0,True,True,Russian,
30.0,LCS,113860575.0,4095.0,105454.0,27804.0,1897954.0,21489.0,True,False,English,Yes
31.0,ILLOJUAN,315555135.0,6795.0,104283.0,46439.0,2982696.0,151396.0,True,False,Spanish,
32.0,ELIASN97,372415905.0,10770.0,102266.0,34579.0,1415416.0,63668.0,True,False,German,
33.0,HJUNE,279297600.0,15750.0,99231.0,17733.0,690531.0,118707.0,True,True,English,
34.0,ELMARIANA,151489905.0,3330.0,93945.0,45492.0,6630809.0,303265.0,True,False,Spanish,
35.0,OTPLOL_,414881220.0,42435.0,90698.0,9776.0,629099.0,13374.0,True,False,French,Yes
36.0,GAMESDONEQUICK,469838730.0,17610.0,85637.0,26680.0,1968234.0,18529.0,True,False,English,
37.0,ESL_CSGOB,131111280.0,7380.0,85145.0,17765.0,1091484.0,34603.0,True,False,English,Yes
38.0,QUACKITYTOO,101339400.0,2175.0,85070.0,46592.0,3615952.0,255694.0,True,False,Spanish,
39.0,RUBIUS,180120510.0,5850.0,84494.0,30789.0,13505937.0,148199.0,True,False,Spanish,
40.0,RIVERS_GG,116433150.0,5910.0,83656.0,19701.0,2812139.0,365059.0,True,False,Spanish,
41.0,HYPE,106174380.0,6435.0,83333.0,16499.0,659626.0,54361.0,True,True,Turkish,
42.0,HASANABI,441396390.0,14115.0,82098.0,31271.0,2427641.0,82328.0,True,False,English,
43.0,GAULES,422618235.0,41700.0,81634.0,10134.0,3822517.0,17127.0,True,True,Portuguese,Yes
44.0,CBLOL,144993630.0,4800.0,80742.0,30207.0,1541578.0,16950.0,True,False,Portuguese,Yes
45.0,AMAR,59704125.0,18540.0,79738.0,3220.0,1526445.0,31048.0,True,False,German,
46.0,RAINBOW6,90309690.0,4560.0,77878.0,19804.0,2461321.0,48694.0,True,True,English,Yes
47.0,BTSSMASH,67697670.0,31830.0,77642.0,2126.0,400884.0,10353.0,True,False,English,Yes
48.0,WTCN,44956320.0,4560.0,77211.0,9858.0,2834735.0,23525.0,True,True,Turkish,
49.0,BETHESDA,8009700.0,690.0,75555.0,11608.0,685208.0,10816.0,True,True,Spanish,
50.0,Y4SPLZ,26654280.0,4470.0,75511.0,5962.0,45175.0,12772.0,False,False,English,
51.0,ROCKETLEAGUE,88582095.0,2190.0,75188.0,40448.0,3868303.0,64417.0,True,False,English,Yes
52.0,PGL_DOTA2,235672425.0,12060.0,74804.0,19541.0,397735.0,18230.0,True,False,English,Yes
53.0,加藤純一です (KATO_JUNICHI0817),184552920.0,8070.0,73681.0,22869.0,713041.0,16325.0,False,False,Japanese,
54.0,KENDINEMUZISYEN,97107195.0,5955.0,71983.0,16306.0,2548417.0,52202.0,True,False,Turkish,
55.0,KAMET0,159104025.0,12405.0,71424.0,12825.0,1551246.0,14925.0,True,False,French,
56.0,NINTENDO,4339140.0,330.0,71107.0,13148.0,611997.0,5203.0,True,False,English,
57.0,RELOG_RU,99448275.0,5235.0,70359.0,18996.0,92810.0,90765.0,True,False,Russian,
58.0,REBEUDETER,38111745.0,885.0,69912.0,43064.0,1150912.0,47853.0,True,False,French,
59.0,TRYMACS,146958330.0,9855.0,67664.0,14912.0,3279035.0,28378.0,True,False,German,
60.0,TENDERLYBAE,6832575.0,645.0,63914.0,10593.0,1250869.0,40098.0,True,False,Russian,
61.0,BAIANO,145958670.0,10455.0,62999.0,13960.0,812225.0,15759.0,True,True,Portuguese,
62.0,WARFRAME,14280570.0,615.0,62747.0,23220.0,1810128.0,9621.0,True,False,English,
63.0,REBORN_LIVE,67880475.0,8925.0,62536.0,7605.0,2434475.0,82362.0,True,False,Spanish,
64.0,HLTVORG,11071725.0,645.0,62295.0,17165.0,169620.0,15767.0,True,False,English,Yes
65.0,SONYSANDIEGOSTUDIO,2696040.0,75.0,62134.0,35947.0,145882.0,1789.0,True,False,English,
66.0,SODAPOPPIN,76948950.0,4845.0,60759.0,15882.0,8827646.0,1828.0,True,True,English,
67.0,WHOPLOHOYPAREN,36822420.0,2805.0,60561.0,13127.0,853943.0,37976.0,True,False,Russian,
68.0,ROBLEIS,181961940.0,20340.0,60540.0,8946.0,5053600.0,256433.0,True,False,Spanish,
69.0,LUQUET4,190074720.0,7395.0,59900.0,25703.0,1210945.0,138674.0,True,False,Portuguese,
70.0,N3KOGLAI,73973760.0,2655.0,59878.0,27862.0,2502764.0,80654.0,True,True,Russian,
71.0,だるまいずごっど (DARUMAISGOD),50879670.0,1395.0,59587.0,36472.0,543749.0,15205.0,True,False,Japanese,
72.0,SMITEGAME,90978090.0,28020.0,58471.0,3246.0,693801.0,8385.0,True,False,English,Yes
73.0,WESTCOL,90027240.0,4410.0,58026.0,20414.0,1135820.0,47517.0,True,False,Spanish,
74.0,DOMINGO,66812265.0,4860.0,57929.0,13747.0,1578821.0,10059.0,True,False,French,
75.0,LVPES,158215965.0,17355.0,57823.0,9116.0,1052899.0,11766.0,True,False,Spanish,Yes
76.0,SPURSITO,13516260.0,1710.0,57683.0,7904.0,1204950.0,19329.0,True,False,Spanish,
77.0,SYPHERPK,24177510.0,6705.0,56270.0,3605.0,6304435.0,18967.0,True,False,English,
78.0,ELXOKAS,213031200.0,11880.0,56171.0,17931.0,3167801.0,76116.0,True,False,Spanish,
79.0,TISISCHUBECH,62851965.0,5355.0,55358.0,11737.0,332970.0,18247.0,True,False,German,
80.0,FPS_SHAKA,357001770.0,19155.0,55215.0,18637.0,1042878.0,21160.0,True,False,Japanese,
81.0,MISSASINFONIA,37693725.0,1680.0,54768.0,22436.0,3390977.0,171146.0,True,False,Spanish,
82.0,ALANZOKA,181657365.0,8490.0,54698.0,21396.0,6234650.0,95827.0,True,False,Portuguese,
83.0,TELEFE,77793300.0,8460.0,53987.0,9195.0,250115.0,38061.0,True,False,Spanish,
84.0,PARAGON_DOTA,114209880.0,13410.0,53966.0,8516.0,52696.0,41089.0,True,False,Russian,
85.0,GERARDROMERO,66514110.0,8580.0,53606.0,7752.0,446524.0,61734.0,True,False,Spanish,
86.0,EASPORTSFIFA,18622710.0,1215.0,52337.0,15327.0,2789703.0,32200.0,True,False,English,Yes
87.0,ROIER,78413940.0,6375.0,51609.0,12300.0,980580.0,247222.0,True,False,Spanish,
88.0,HONDADREAMLAB,2379840.0,150.0,51402.0,15865.0,6459.0,62.0,False,False,English,
89.0,JONVLOGS,32400645.0,3870.0,51259.0,8372.0,1185244.0,30030.0,True,False,Portuguese,
90.0,ARIGAMEPLAYS,24200325.0,2970.0,49239.0,8148.0,5604248.0,181472.0,True,False,Spanish,
91.0,VALORANT_JPN,119851980.0,4590.0,48430.0,26111.0,391524.0,25704.0,True,False,Japanese,Yes
92.0,SPYGEA,65004075.0,12840.0,47941.0,5062.0,566497.0,7641.0,True,False,Japanese,
93.0,FEXTRALIFE,235007355.0,14175.0,47546.0,16579.0,1454547.0,10144.0,True,False,English,
94.0,K4SEN,176998830.0,14280.0,47455.0,12394.0,500971.0,16107.0,True,False,Japanese,
95.0,SARDOCHE,80401230.0,10920.0,47355.0,7362.0,1283101.0,-876.0,True,False,French,
96.0,BUSTER,45065055.0,1605.0,47190.0,28077.0,3379553.0,25002.0,True,False,Russian,
97.0,우왁굳 (WOOWAKGOOD),173489610.0,8700.0,47123.0,19941.0,940686.0,8682.0,True,False,Korean,
98.0,SIMURGH,6361380.0,2505.0,47082.0,2539.0,11291.0,-8.0,True,False,English,
99.0,NABRIZARP,13448745.0,5430.0,46935.0,2476.0,128771.0,60870.0,False,False,Portuguese,
100.0,LEVO,43704975.0,9240.0,46921.0,4729.0,809077.0,40147.0,True,True,Turkish,
101.0,GOTAGA,40479090.0,2775.0,46553.0,14587.0,3832416.0,13024.0,True,False,French,
102.0,ZACKRAWRR,162723045.0,11460.0,45858.0,14199.0,1132475.0,31894.0,False,False,English,
103.0,SINATRAA,69465210.0,7545.0,45093.0,9206.0,1772070.0,7314.0,True,True,English,
104.0,NILOJEDA,58158360.0,7290.0,44683.0,7977.0,892495.0,75079.0,True,False,Spanish,
105.0,ALEXELCAPO,37135950.0,6675.0,44618.0,5563.0,1031227.0,5233.0,True,False,Spanish,
106.0,GRONKH,157176990.0,7905.0,44360.0,19883.0,1523008.0,9965.0,True,True,German,
107.0,CASTRO_1021,98282520.0,7065.0,43688.0,13911.0,3682055.0,27612.0,True,False,English,
108.0,NICKMERCS,192889275.0,9615.0,43424.0,20061.0,6644931.0,13987.0,True,False,English,
109.0,CSGO_MC2,36804450.0,5820.0,43197.0,6323.0,376916.0,8720.0,True,False,Russian,Yes
110.0,SQUEEZIE,28249125.0,1095.0,43106.0,25798.0,4070733.0,27314.0,True,False,French,
111.0,ZANOXVII,57198990.0,6795.0,43030.0,8417.0,1654581.0,21844.0,True,False,Italian,
112.0,GMHIKARU,96444390.0,5865.0,42047.0,16444.0,1677304.0,97402.0,True,False,English,
113.0,LIRIK,197843010.0,9840.0,42007.0,20105.0,2915762.0,3974.0,True,False,English,
114.0,JRKZ,17522445.0,4290.0,41651.0,4084.0,662111.0,12187.0,True,True,Turkish,
115.0,PSG,5798775.0,2250.0,41568.0,2577.0,497617.0,159826.0,True,False,French,
116.0,BETBOOM_RU,206193180.0,16905.0,41562.0,12197.0,238800.0,20073.0,True,False,Russian,
117.0,MONTANABLACK88,85854840.0,3255.0,41024.0,26376.0,4836755.0,32827.0,True,True,German,
118.0,QUACKITY,2821425.0,105.0,40779.0,26870.0,5300566.0,329.0,True,False,English,
119.0,GAMERBROTHER,72328635.0,5895.0,40747.0,12269.0,412839.0,18455.0,True,False,German,
120.0,ELZEEIN,42614985.0,7305.0,40734.0,5833.0,294117.0,32988.0,True,False,Spanish,
121.0,MAXIMEBIAGGI,16866045.0,1605.0,40660.0,10508.0,236897.0,41134.0,True,False,French,
122.0,ANITTAMEDIACENTER,3989820.0,345.0,40071.0,11564.0,8002.0,1273.0,False,False,Portuguese,
123.0,한동숙 (HANDONGSUK),208177905.0,12165.0,39940.0,17112.0,552132.0,5019.0,True,False,Korean,
124.0,FELIPENETO,9552375.0,420.0,39656.0,22743.0,140091.0,89055.0,True,False,Portuguese,
125.0,REVEDTV,45280305.0,5715.0,38423.0,7923.0,951434.0,24378.0,True,False,German,
126.0,CHESS,132206445.0,7395.0,37749.0,17877.0,943660.0,59022.0,True,False,English,Yes
127.0,LLA,28991565.0,1755.0,37743.0,16519.0,610061.0,11367.0,True,False,Spanish,Yes
128.0,JHDELACRUZ777,11726820.0,5250.0,37713.0,2233.0,427117.0,245759.0,True,False,Spanish,
129.0,TEKKEN,25657800.0,2070.0,37691.0,12395.0,225478.0,8544.0,True,False,English,Yes
130.0,CAROLA,60383385.0,9675.0,37601.0,6241.0,1501754.0,87825.0,True,False,Spanish,
131.0,SLAKUN10,9735390.0,810.0,37299.0,12019.0,4507163.0,70307.0,True,False,Spanish,
132.0,RESTIAFPS,46999275.0,8490.0,37116.0,5535.0,203908.0,10448.0,True,False,Chinese,
133.0,GEORGENOTFOUND,17593575.0,930.0,36803.0,18917.0,4924724.0,2341.0,True,False,English,
134.0,TOBEYKAI,8027430.0,5460.0,36454.0,1470.0,11275.0,342.0,True,False,English,
135.0,CR_RION,45308370.0,5325.0,36188.0,8508.0,147466.0,15702.0,True,False,Japanese,
136.0,STYLISHNOOB4,259172310.0,14745.0,35557.0,17576.0,951276.0,10679.0,True,False,Japanese,
137.0,LPL,77840580.0,6075.0,35511.0,12813.0,917937.0,22746.0,True,False,English,Yes
138.0,NICEWIGG,57179880.0,8400.0,35309.0,6807.0,663093.0,20345.0,True,False,English,
139.0,EDWIN_LIVE,65562150.0,8550.0,35123.0,7668.0,382058.0,10015.0,True,False,Thai,
140.0,EAMADDENNFL,34884570.0,2010.0,35016.0,17355.0,538436.0,21548.0,True,False,English,Yes
141.0,PARADEEV1CH,18850335.0,1350.0,34941.0,13963.0,1334948.0,38320.0,True,True,Russian,
142.0,DISGUISEDTOAST,19319715.0,2040.0,34757.0,9470.0,2752079.0,4045.0,True,False,English,
143.0,FORSEN,210407730.0,10620.0,33462.0,19812.0,1686080.0,14717.0,True,True,English,
144.0,THESIMS,969960.0,30.0,33454.0,32332.0,199872.0,0.0,False,False,English,
145.0,EMIRU,35347575.0,2460.0,33218.0,14368.0,1138811.0,-1128.0,True,False,English,
146.0,ROCKETLEAGUESAM,15502500.0,810.0,33212.0,19138.0,152749.0,19719.0,True,False,Portuguese,Yes
147.0,CRITICALROLE,28161900.0,1575.0,33065.0,17880.0,1196847.0,15708.0,True,False,English,
148.0,SUMMIT1G,402672945.0,18960.0,33007.0,21238.0,6161867.0,6950.0,True,False,English,
149.0,JASPER7SE,29371365.0,2490.0,32740.0,11795.0,453705.0,8978.0,True,False,Japanese,
150.0,DAVAY_PO_NOVOY,4219050.0,3225.0,32704.0,1308.0,48859.0,19735.0,False,False,Russian,
151.0,UNBOXHOLICS,15226695.0,1020.0,32432.0,14928.0,415202.0,2576.0,True,False,English,
152.0,NNOPRIME,9689805.0,750.0,32278.0,12919.0,48739.0,20132.0,False,False,German,
153.0,BRATISHKINOFF,78324225.0,5235.0,31932.0,14961.0,2327517.0,-26626.0,True,False,Russian,
154.0,BASTIGHG,122339685.0,14130.0,31903.0,8658.0,1346689.0,90812.0,True,False,German,
155.0,TUMBLURR,114499890.0,7515.0,31649.0,15236.0,1054390.0,13548.0,True,False,Italian,
156.0,GABEPEIXE,146919600.0,15180.0,31619.0,9678.0,1086381.0,57962.0,True,False,Portuguese,
157.0,NMPLOL,64487730.0,4335.0,31608.0,14876.0,1039501.0,2530.0,True,False,English,
158.0,S1MPLE,9512385.0,510.0,31598.0,18651.0,3359222.0,9735.0,True,False,English,
159.0,ZOOMAA,96677520.0,10425.0,31344.0,9273.0,302019.0,10917.0,True,False,English,
160.0,IM_MITTIII,101276190.0,18645.0,31265.0,5431.0,115007.0,34315.0,True,False,Japanese,
161.0,EXTRAEMILY,22042260.0,4755.0,31252.0,4635.0,144641.0,31768.0,True,False,English,
162.0,DANNYAARONS,33237435.0,5325.0,30984.0,6241.0,590687.0,39667.0,True,False,English,
163.0,BRUCEDROPEMOFF,40756395.0,1755.0,30983.0,23223.0,1210355.0,15777.0,True,True,English,
164.0,한갱 (WOOHANKYUNG),20526045.0,3810.0,30506.0,5387.0,441879.0,12152.0,True,True,Korean,
165.0,PAPAPLATTE,167594220.0,14565.0,29888.0,11506.0,1623975.0,35718.0,True,False,German,
166.0,WILBURSOOT,3440250.0,165.0,29577.0,20850.0,4650248.0,1137.0,True,True,English,
167.0,PLKDAMIAN,16980630.0,3015.0,29537.0,5632.0,301819.0,13669.0,True,False,Polish,
168.0,IRONMOUSE,56222760.0,7455.0,29501.0,7541.0,1437316.0,14035.0,True,True,English,
169.0,TSM_IMPERIALHAL,126277095.0,8400.0,29437.0,15032.0,1773958.0,19040.0,True,False,English,
170.0,FOLLENTASS,18676020.0,3840.0,29319.0,4863.0,330714.0,12357.0,True,True,Russian,
171.0,FAMEMMA,3231045.0,615.0,28825.0,5253.0,48884.0,9589.0,True,False,Polish,
172.0,NOWAY4U_SIR,230019420.0,15465.0,28646.0,14873.0,586801.0,5970.0,True,False,German,
173.0,CLIX,131479545.0,9780.0,28342.0,13443.0,5710502.0,87020.0,True,False,English,
174.0,LITTLERAGERGIRL,17313705.0,6345.0,28296.0,2728.0,606765.0,35074.0,True,False,Spanish,
175.0,MIZKIF,86165040.0,4215.0,28019.0,20442.0,2037156.0,-6969.0,True,False,English,
176.0,HASKOLOGLU,29568270.0,6180.0,27806.0,4784.0,137014.0,19775.0,True,True,Turkish,
177.0,DAVOOXENEIZE,47582790.0,3255.0,27768.0,14618.0,818622.0,90841.0,True,False,Spanish,
178.0,DATMODZ,43434315.0,18645.0,27698.0,2329.0,375726.0,1381.0,True,False,English,
179.0,YOURRAGEGAMING,91270140.0,5025.0,27649.0,18163.0,1290980.0,21733.0,True,False,English,
180.0,RIOT GAMES (RIOTGAMES),13806165.0,2310.0,27627.0,5976.0,6547561.0,-1581.0,True,False,English,
181.0,LOLPACIFICTW,17276175.0,1410.0,27517.0,12252.0,226609.0,1793.0,True,False,Chinese,Yes
182.0,AMOURANTH,77936820.0,10905.0,27513.0,7146.0,6189180.0,48889.0,True,False,English,
183.0,TENZ,19192575.0,1035.0,27277.0,18543.0,3252503.0,23564.0,True,False,English,
184.0,ALBAARA,35457195.0,5985.0,27086.0,5924.0,268209.0,45167.0,False,True,Portuguese,
185.0,JUST_NS,116165790.0,10185.0,26996.0,11405.0,564103.0,7230.0,True,True,Russian,
186.0,EPULZEGAMING,78283515.0,7965.0,26920.0,9828.0,72107.0,18727.0,True,False,English,
187.0,JERMA985,95268315.0,5355.0,26793.0,17790.0,1251033.0,36402.0,True,True,English,
188.0,XBOX,3529860.0,5445.0,26650.0,648.0,704439.0,4639.0,True,True,English,Yes
189.0,BTSSMASH2,12446430.0,2010.0,26549.0,6192.0,101375.0,3565.0,True,False,English,
190.0,NONI,13231545.0,6525.0,26534.0,2027.0,631568.0,64416.0,True,False,Spanish,
191.0,MARKILOKURASY,37755630.0,9615.0,26400.0,3926.0,1591814.0,57686.0,True,False,Spanish,
192.0,MARKPLAYZ,44245665.0,15465.0,26121.0,2861.0,71558.0,16542.0,True,True,English,
193.0,아이네_ (VO_INE),26920485.0,1770.0,26081.0,15209.0,266704.0,8267.0,True,False,Korean,
194.0,ANTOINEDANIEL,64319670.0,7125.0,26032.0,9027.0,927802.0,7065.0,True,True,French,
195.0,ROCKETBAGUETTE,13630515.0,3000.0,25948.0,4543.0,300840.0,8420.0,True,False,French,Yes
196.0,JLTOMY,190828275.0,16455.0,25730.0,11596.0,1134468.0,11826.0,True,False,French,
197.0,MOISTCR1TIKAL,117231075.0,9585.0,25716.0,12230.0,4779850.0,60402.0,True,False,English,
198.0,PRIMELEAGUE,31900200.0,5895.0,25415.0,5411.0,203689.0,4915.0,True,False,German,Yes
199.0,RUNTHEFUTMARKET,61842030.0,8340.0,25264.0,7415.0,746375.0,19626.0,True,False,English,
200.0,풍월량 (HANRYANG1125),202097910.0,13935.0,25082.0,14502.0,604179.0,1748.0,True,False,Korean,
201.0,PGL_DOTA2EN2,43022910.0,6840.0,25075.0,6289.0,167988.0,7190.0,True,False,English,Yes
202.0,NBA2KLEAGUE,3542445.0,720.0,24883.0,4920.0,204626.0,1178.0,True,False,English,Yes
203.0,MASTU,3656100.0,405.0,24876.0,9027.0,674854.0,24751.0,True,False,French,
204.0,LOLTYLER1,187989105.0,11850.0,24771.0,15864.0,5156614.0,11686.0,True,False,English,
205.0,IITZTIMMY,89214660.0,16680.0,24726.0,5348.0,2568648.0,20579.0,True,False,English,
206.0,DARIOMOCCIATWITCH,121158855.0,17445.0,24662.0,6945.0,431600.0,19195.0,True,False,Italian,
207.0,QTCINDERELLA,30943035.0,5250.0,24611.0,5893.0,832756.0,13746.0,True,False,English,
208.0,MAZZAROPI_1,4911780.0,11055.0,24536.0,444.0,54407.0,51553.0,False,False,Portuguese,
209.0,ELDED,55171725.0,9660.0,24128.0,5711.0,5379235.0,43366.0,True,False,Spanish,
210.0,DERKELLERYT,9249660.0,3405.0,23962.0,2716.0,335179.0,5514.0,True,False,German,
211.0,XXXTHEFOCUSXXX,25763715.0,8685.0,23904.0,2966.0,1713773.0,55334.0,True,False,Spanish,
212.0,MOONMOON,167607315.0,10710.0,23655.0,15649.0,1140981.0,2442.0,True,True,English,
213.0,NIKOLARN,110424195.0,9465.0,23651.0,11666.0,555348.0,-79106.0,True,False,English,
214.0,JOUEUR_DU_GRENIER,40976520.0,3405.0,23373.0,12034.0,875894.0,10139.0,True,False,French,
215.0,CELLBIT,141404850.0,12435.0,23369.0,11371.0,2600295.0,37743.0,True,True,Portuguese,
216.0,CAPCOMFIGHTERS,13365465.0,3675.0,23361.0,3636.0,397254.0,1122.0,True,False,English,Yes
217.0,ATADOGANN,15267645.0,2565.0,23128.0,5952.0,96147.0,40128.0,False,False,Turkish,
218.0,THEREALKNOSSI,19037385.0,1470.0,23119.0,12950.0,2158418.0,6178.0,True,True,German,
219.0,EVELONE2004,11928780.0,900.0,22980.0,13254.0,544668.0,9019.0,False,False,Russian,
220.0,WANKILSTUDIO,28538445.0,2400.0,22818.0,11891.0,1126640.0,13154.0,True,False,French,
221.0,XROHAT,124138320.0,12780.0,22731.0,9713.0,758112.0,50146.0,True,False,German,
222.0,LVNDMARK,179629530.0,13845.0,22723.0,12974.0,1070007.0,22276.0,True,False,English,
223.0,BADBOYHALO,4483455.0,435.0,22711.0,10306.0,2411938.0,-706.0,True,False,English,
224.0,AMAZONMUSIC,3578820.0,795.0,22614.0,4501.0,564227.0,1098.0,True,False,English,
225.0,CARRERAAA,38450730.0,3720.0,22559.0,10336.0,3161268.0,172320.0,True,False,Spanish,
226.0,BARCELONASCOFICIAL,752865.0,285.0,22526.0,2641.0,15881.0,5772.0,False,False,Spanish,
227.0,FANUM,79497990.0,7245.0,22521.0,10972.0,821319.0,53816.0,True,False,English,
228.0,ROCKETLEAGUEAPAC,9312270.0,660.0,22506.0,14109.0,192241.0,15664.0,True,False,English,Yes
229.0,릴파_ (LILPAAAAAA),73409895.0,6480.0,22483.0,11328.0,255447.0,9996.0,True,False,Korean,
230.0,SELLY55,9865260.0,3420.0,22437.0,2884.0,236473.0,21124.0,True,False,Korean,
231.0,8CHO,10065330.0,4725.0,22362.0,2130.0,1347817.0,14217.0,True,False,Spanish,
232.0,YODA,120409965.0,11175.0,22346.0,10774.0,2387229.0,8704.0,True,False,Portuguese,
233.0,PARAGON_ENG,44674215.0,12270.0,22296.0,3640.0,21549.0,19435.0,True,False,English,
234.0,JCORKO_,13377240.0,5535.0,22190.0,2416.0,653732.0,34315.0,True,False,Spanish,
235.0,KORESHZY,13019250.0,1125.0,22165.0,11572.0,1263628.0,24791.0,True,True,Russian,
236.0,NIKLASWILSON,45251130.0,7350.0,22165.0,6156.0,680484.0,29493.0,True,False,German,
237.0,SOLARY,20792970.0,4365.0,22140.0,4763.0,686827.0,5911.0,True,False,French,Yes
238.0,FLATS,49517295.0,9480.0,22119.0,5223.0,420051.0,30812.0,True,False,English,
239.0,K3SOJU,201748095.0,13695.0,21933.0,14731.0,446093.0,7816.0,True,False,English,
240.0,EASTGEEKSMASH,4633515.0,705.0,21931.0,6572.0,39948.0,4095.0,False,False,Japanese,Yes
241.0,고세구___ (GOSEGUGOSEGU),50025540.0,6915.0,21870.0,7234.0,252337.0,9114.0,True,False,Korean,
242.0,DANTES,83615670.0,15825.0,21813.0,5283.0,310939.0,84092.0,False,False,English,
243.0,DIARIOMARCA,5866485.0,2625.0,21808.0,2234.0,24430.0,584.0,False,False,Spanish,
244.0,THEBAUSFFS,107791875.0,7845.0,21761.0,13740.0,921419.0,25264.0,True,False,English,
245.0,PIETSMIET,22072110.0,5985.0,21665.0,3687.0,766742.0,1337.0,True,True,German,
246.0,SHROUD,101211615.0,11235.0,21443.0,9008.0,10432943.0,1315.0,True,False,English,
247.0,BRAWLHALLA,27360105.0,2115.0,21429.0,12936.0,1830487.0,17157.0,True,False,English,Yes
248.0,CHALLENGERSLEAGUE,23304660.0,3615.0,21412.0,6446.0,335659.0,4122.0,True,False,English,Yes
249.0,FARBIZZBAT9,1504470.0,540.0,21381.0,2786.0,497117.0,11562.0,True,False,Russian,
250.0,WARCRAFT,37151955.0,2730.0,21363.0,13608.0,713588.0,14490.0,True,False,English,Yes
251.0,ALVAROOLAZABAL,929295.0,75.0,21311.0,12390.0,1482.0,1424.0,False,False,Spanish,
252.0,DJGRZS,895080.0,8985.0,21300.0,99.0,12296.0,9780.0,False,False,Portuguese,
253.0,TIXINHADOIS,15154620.0,7905.0,21232.0,1917.0,424429.0,9217.0,True,False,Portuguese,
254.0,ROCKETLEAGUEMENA,8891745.0,750.0,21155.0,11855.0,131350.0,13983.0,True,False,Arabic,Yes
255.0,EWROON,93061680.0,7875.0,21154.0,11817.0,868129.0,3762.0,True,False,Polish,
256.0,양띵 (YD0821),22960020.0,2370.0,21142.0,9687.0,341810.0,1316.0,True,False,Korean,
257.0,비챤_ (VIICHAN6),63364080.0,6075.0,21137.0,10430.0,236875.0,9448.0,True,False,Korean,
258.0,AGUSTINUNAPLAY8,45999540.0,6210.0,21039.0,7407.0,190330.0,14418.0,True,False,Spanish,
259.0,ZLOYN,24031170.0,4755.0,21023.0,5053.0,848101.0,17367.0,True,True,Russian,
260.0,SHYLILY,27187110.0,4680.0,20964.0,5809.0,1014614.0,22929.0,True,False,English,
261.0,CAEDREL,69290805.0,7980.0,20957.0,8683.0,409452.0,10557.0,True,False,English,
262.0,소람잉 (SORAMMMM),5584995.0,690.0,20955.0,8094.0,254130.0,13256.0,True,False,Korean,
263.0,얍얍 (YAPYAP30),14686305.0,1725.0,20928.0,8513.0,329245.0,896.0,True,False,Korean,
264.0,DRKZUP,9741090.0,2985.0,20802.0,3263.0,126196.0,49768.0,False,False,Portuguese,
265.0,REBIRTHZTV,71032620.0,9150.0,20749.0,7763.0,733007.0,9246.0,True,False,Thai,
266.0,KUBAFPS,63175875.0,30630.0,20711.0,2062.0,161179.0,16245.0,True,True,German,
267.0,랄로 (ABA4647),60799185.0,4680.0,20651.0,12991.0,581386.0,12069.0,True,False,Korean,
268.0,TWITCHRIVALS,2785665.0,210.0,20650.0,13265.0,2250002.0,128.0,True,False,English,
269.0,악어 (JDM2088),24642645.0,3780.0,20491.0,6519.0,362400.0,1081.0,True,False,Korean,
270.0,NIGHTBLUE3,40500255.0,10170.0,20476.0,3982.0,2718360.0,1063.0,True,False,English,
271.0,はんじょう (HANJOUDESU),51164040.0,10395.0,20474.0,4921.0,148050.0,10404.0,True,False,Japanese,
272.0,승우아빠_ (SWAB85),6334590.0,2070.0,20404.0,3060.0,262424.0,2915.0,True,False,Korean,
273.0,KINGGEORGE,17634450.0,9390.0,20241.0,1878.0,1011589.0,4238.0,True,False,English,
274.0,BETBOOM_RU5,10745460.0,2640.0,20204.0,4070.0,38442.0,6101.0,True,False,Russian,
275.0,PROD,55825665.0,12150.0,20198.0,4594.0,659616.0,26543.0,True,False,English,
276.0,아야츠노_유니 (AYATSUNOYUNI_STELLIVE),69596190.0,11535.0,20183.0,6033.0,79178.0,67883.0,False,False,Korean,
277.0,AGRAELUS,48790590.0,10755.0,20003.0,4536.0,624164.0,5105.0,True,True,Czech,
278.0,SAMUELETIENNE,17906760.0,3915.0,19996.0,4573.0,559373.0,5098.0,True,False,French,
279.0,VALORANT_NORTHAMERICA,20364735.0,4050.0,19856.0,5028.0,43124.0,41000.0,False,False,English,
280.0,JESUSAVGN,76484010.0,7620.0,19831.0,10037.0,1621413.0,24896.0,True,False,Russian,
281.0,POKELAWLS,67942560.0,9660.0,19829.0,7033.0,1056120.0,1824.0,True,True,English,
282.0,ETOILES,46193085.0,6255.0,19776.0,7384.0,861250.0,8568.0,True,False,French,
283.0,YOUNGMULTI,56380650.0,4875.0,19749.0,11565.0,785081.0,31886.0,True,False,Polish,
284.0,AGENT00,90652590.0,11985.0,19705.0,7563.0,536715.0,42196.0,True,False,English,
285.0,VGBOOTCAMP,9181155.0,8565.0,19692.0,1071.0,627071.0,1431.0,True,False,English,Yes
286.0,TEAMREDLINE,5956890.0,1500.0,19679.0,3971.0,28762.0,5676.0,True,False,English,
287.0,괴물쥐123 (TMXK319),78809745.0,11790.0,19661.0,6684.0,837916.0,7208.0,True,False,Korean,
288.0,주르르 (COTTON__123),46353795.0,6450.0,19651.0,7186.0,228167.0,9012.0,True,False,Korean,
289.0,ZUBAREFFF,52584960.0,6345.0,19616.0,8287.0,733491.0,72426.0,True,False,Russian,
290.0,MAXIMILIAN_DOOD,55303005.0,6180.0,19579.0,8948.0,1145669.0,3464.0,True,False,English,
291.0,SHAUNZ,32587110.0,8055.0,19563.0,4045.0,268723.0,2961.0,True,False,French,
292.0,STROGO1337,24382860.0,4275.0,19559.0,5703.0,351186.0,-26391.0,False,False,Russian,
293.0,MONSTERHUNTER,1147995.0,570.0,19420.0,2014.0,102175.0,2390.0,True,False,English,
294.0,ALDO_GEO,39582585.0,4485.0,19355.0,8825.0,1105467.0,59816.0,True,False,Spanish,
295.0,ESPORTS_RAGE,21020730.0,2010.0,19259.0,10458.0,139601.0,6125.0,True,False,Japanese,Yes
296.0,MAXIMUM,51220755.0,10740.0,19247.0,4769.0,444901.0,2353.0,True,False,English,
297.0,PAYMONEYWUBBY,28424625.0,1830.0,19185.0,15532.0,587397.0,3145.0,True,False,English,
298.0,GOTHAMCHESS,24250740.0,2940.0,19088.0,8248.0,751872.0,71464.0,True,False,English,
299.0,RIOTGAMESJP,18184410.0,1935.0,19054.0,9397.0,272148.0,3582.0,True,False,Japanese,Yes
300.0,ADOLFZ,34270215.0,4710.0,19051.0,7276.0,639103.0,18894.0,True,True,Portuguese,
301.0,ELOTRIX,42950730.0,6780.0,19010.0,6334.0,1525135.0,12858.0,True,True,German,
302.0,FORTNITE,5826735.0,465.0,18895.0,12530.0,5359415.0,9547.0,True,False,English,Yes
303.0,ZERATOR,57964920.0,8580.0,18792.0,6755.0,1495070.0,-124.0,True,False,French,
304.0,MAZELLOVVV,27150690.0,2655.0,18765.0,10226.0,789503.0,86628.0,True,False,Russian,
305.0,AMANDRAKARP,2406000.0,3495.0,18539.0,688.0,167722.0,98647.0,False,False,Portuguese,
306.0,KANDIDLYKAYLA,2739660.0,3315.0,18515.0,826.0,28324.0,485.0,True,False,English,
307.0,GORGC,107768685.0,11040.0,18505.0,9761.0,630947.0,3360.0,True,True,English,
308.0,COHHCARNAGE,91964280.0,11685.0,18504.0,7870.0,1465950.0,1668.0,True,False,English,
309.0,WORLDOFTANKS,10866990.0,2865.0,18493.0,3793.0,357552.0,4622.0,True,True,English,Yes
310.0,TECHLAND,2263635.0,195.0,18488.0,11608.0,74603.0,1201.0,False,True,English,
311.0,BRUNABLINCE,15701910.0,14070.0,18416.0,1115.0,191456.0,79089.0,False,False,Portuguese,
312.0,VOVO,10299915.0,9375.0,18149.0,1098.0,334770.0,26441.0,True,True,Portuguese,
313.0,SILVERNAME,60514500.0,6060.0,18132.0,9985.0,809444.0,3610.0,True,False,Russian,
314.0,ELCHIRINGUITOTV,30433965.0,12210.0,18105.0,2492.0,854900.0,17669.0,True,False,Spanish,
315.0,겨우디 (WINTER_28270),3653895.0,3930.0,18102.0,929.0,106091.0,7183.0,True,False,Korean,
316.0,NEYMARJR,3453435.0,240.0,17982.0,14389.0,2133789.0,82316.0,True,False,Portuguese,
317.0,AGURIN,59837535.0,15690.0,17948.0,3813.0,238670.0,14684.0,True,False,German,
318.0,もこうやで (MOKOULISZT1),8986290.0,1770.0,17943.0,5077.0,207471.0,7852.0,False,False,Japanese,
319.0,POSTY,15400230.0,13695.0,17886.0,1124.0,438710.0,7602.0,True,False,English,
320.0,DRB7H,21005295.0,2535.0,17884.0,8286.0,555934.0,14719.0,True,False,Arabic,
321.0,SUPERBUSS_,17913930.0,6330.0,17869.0,2830.0,249011.0,3877.0,True,False,Thai,
322.0,TIFFAE,8001585.0,9405.0,17823.0,850.0,197586.0,3530.0,True,False,English,
323.0,AWSONAIR,5327865.0,1155.0,17820.0,4612.0,1292.0,433.0,True,False,English,
324.0,しゃるる (SYARURU3),20188440.0,9315.0,17787.0,2167.0,80196.0,3711.0,True,False,Japanese,
325.0,TFUE,59796840.0,9510.0,17765.0,6287.0,11324116.0,17986.0,True,False,English,
326.0,CDAWGVA,36029025.0,3675.0,17755.0,9803.0,925069.0,15388.0,True,False,English,
327.0,DWPRESENTS,9132285.0,2595.0,17675.0,3519.0,76342.0,2918.0,True,True,English,
328.0,JYNXZI,61665810.0,11325.0,17579.0,5445.0,653917.0,143098.0,True,False,English,
329.0,らっだぁ (RADERADERADER),42457380.0,4245.0,17568.0,10001.0,416793.0,12059.0,True,False,Japanese,
330.0,XGAMES,11909595.0,1950.0,17510.0,6107.0,11487.0,10313.0,True,False,English,
331.0,JAKENBAKELIVE,17261535.0,5460.0,17507.0,3161.0,639263.0,2367.0,True,False,English,
332.0,KARQ,19898985.0,8325.0,17460.0,2390.0,292562.0,8303.0,True,False,English,
333.0,ASPASZIN,37268940.0,5085.0,17399.0,7329.0,428761.0,39799.0,True,False,Portuguese,
334.0,REZO,9611010.0,900.0,17353.0,10678.0,520261.0,10706.0,True,True,German,
335.0,TIOOROCHITWITCH,12583065.0,1260.0,17177.0,9986.0,1270961.0,37135.0,True,True,Portuguese,
336.0,RRAENEE,30750945.0,3840.0,17102.0,8008.0,715994.0,38610.0,True,True,Turkish,
337.0,FORMAL,12764790.0,6840.0,17088.0,1866.0,670262.0,5912.0,True,False,English,
338.0,HITCHARIIDE,9980520.0,9090.0,17085.0,1097.0,253724.0,4120.0,True,False,English,
339.0,SYMFUHNY,121396245.0,13695.0,17013.0,8864.0,3852874.0,13250.0,True,False,English,
340.0,ESFANDTV,35655975.0,9210.0,17001.0,3871.0,1173289.0,-6995.0,True,False,English,
341.0,EKATZE007,7126335.0,2970.0,17000.0,2399.0,667276.0,7020.0,True,False,Russian,
342.0,MCKYTV,50237640.0,10905.0,16961.0,4606.0,1302480.0,3807.0,True,True,German,
343.0,아이리_칸나 (AIRIKANNA_STELLIVE),60450915.0,9750.0,16915.0,6200.0,87677.0,72056.0,False,False,Korean,
344.0,CHRISTIANVIERIOFFICIAL,10922730.0,1560.0,16882.0,7001.0,541044.0,5704.0,True,False,Italian,
345.0,ROOTTHEGAMER,9447195.0,2595.0,16862.0,3640.0,94571.0,2679.0,False,True,Turkish,
346.0,MARKIPLIER,3241365.0,210.0,16856.0,15435.0,2420815.0,539.0,True,False,English,
347.0,SNIKWINS,11361060.0,1740.0,16824.0,6529.0,103658.0,7477.0,True,False,Greek,
348.0,PAULETA_TWITCH,56673975.0,6990.0,16795.0,8107.0,457655.0,9824.0,True,False,French,
349.0,WATCHMEFOREVER,68699160.0,17760.0,16599.0,3868.0,190017.0,189966.0,False,False,English,
350.0,SHAHZAM,35474445.0,11325.0,16592.0,3132.0,1648377.0,4135.0,True,False,English,
351.0,TUBBO,35838870.0,7890.0,16591.0,4542.0,4988225.0,5013.0,True,False,English,
352.0,GAMERGIRL,5628045.0,3315.0,16578.0,1697.0,332908.0,1438.0,True,False,English,
353.0,CHOWH1,59913900.0,10335.0,16572.0,5797.0,720417.0,7524.0,True,True,French,
354.0,SNOPEY_,18355035.0,5550.0,16539.0,3307.0,252592.0,70741.0,False,False,Portuguese,
355.0,VYSOTZKY,64046970.0,6915.0,16490.0,9262.0,340994.0,6834.0,True,False,Polish,
356.0,STROGO,1964580.0,150.0,16488.0,13097.0,1046255.0,1207.0,True,False,Russian,
357.0,ARTHARS,62060070.0,19020.0,16479.0,3262.0,108529.0,9250.0,True,False,English,
358.0,GENSYXA,6465570.0,2640.0,16471.0,2449.0,980759.0,7065.0,True,True,Russian,
359.0,SHOTZZY,21942180.0,4275.0,16423.0,5132.0,256070.0,11667.0,True,False,English,
360.0,DYRUS,4454085.0,3300.0,16422.0,1349.0,1441437.0,-745.0,True,True,English,
361.0,M0NESYOF,9825150.0,1080.0,16403.0,9097.0,662339.0,30679.0,True,False,English,
362.0,AXOZER,26987445.0,10950.0,16401.0,2464.0,2724053.0,60765.0,True,False,Spanish,
363.0,HONEYPUU,66883005.0,10275.0,16387.0,6509.0,643377.0,65154.0,True,False,German,
364.0,DIZZYKITTEN,13355415.0,7155.0,16385.0,1866.0,689875.0,501.0,True,False,English,
365.0,INFINITEMYSTERY,4164510.0,2025.0,16363.0,2056.0,6251.0,-1.0,False,False,English,
366.0,징버거 (JINGBURGER),33200745.0,4365.0,16313.0,7606.0,225870.0,7220.0,True,False,Korean,
367.0,PERXITAA,25074375.0,10590.0,16266.0,2367.0,2373880.0,37260.0,True,False,Spanish,
368.0,JEANMASSIET,16729950.0,3945.0,16238.0,4240.0,193703.0,4827.0,True,False,French,
369.0,KARMA,5330595.0,8280.0,16229.0,643.0,441560.0,3909.0,True,True,English,
370.0,ZENTREYA,26979480.0,7440.0,16226.0,3626.0,388950.0,3715.0,True,False,English,
371.0,RAINBOW6BRAVO,11289840.0,1440.0,16158.0,7840.0,238639.0,7069.0,True,True,English,
372.0,MLODZIUTKI7,29033250.0,4140.0,16142.0,7012.0,140106.0,8315.0,True,False,Polish,
373.0,SIDNEYEWEKA,50670435.0,9675.0,16135.0,5237.0,804977.0,27378.0,True,False,German,
374.0,TVANDER,20395290.0,5955.0,16125.0,3424.0,543263.0,1936.0,True,False,Spanish,
375.0,NOCTAQ,3348840.0,1725.0,16092.0,1941.0,206377.0,1783.0,False,False,English,
376.0,ESB_DOTA2,13229025.0,10350.0,16089.0,1278.0,35673.0,7477.0,False,False,Spanish,
377.0,RANBOOLIVE,11148405.0,1080.0,16088.0,10322.0,4450449.0,493.0,True,False,English,
378.0,QUESADACID,11586015.0,7110.0,16061.0,1629.0,146437.0,5943.0,True,True,Spanish,
379.0,눈쟁이 (EYEJOKER7),2125845.0,5940.0,16048.0,357.0,173411.0,9352.0,True,False,Korean,
380.0,BUDDHA,40572765.0,4395.0,15994.0,9231.0,821522.0,851.0,True,True,English,
381.0,MODY_ALASMR,4903605.0,1230.0,15943.0,3986.0,552790.0,17710.0,True,False,Arabic,
382.0,QUIN69,135385170.0,13305.0,15885.0,10175.0,717590.0,2837.0,True,False,English,
383.0,BETBOOM_RU2,38101575.0,10980.0,15863.0,3470.0,79266.0,9612.0,True,False,Russian,
384.0,ZERKAA,25709175.0,2760.0,15757.0,9314.0,1382540.0,9052.0,True,False,English,
385.0,WARHAMMER,2310570.0,2085.0,15751.0,1108.0,173155.0,2607.0,True,False,English,
386.0,PONCE,74517015.0,11085.0,15744.0,6722.0,802488.0,1431.0,True,False,French,
387.0,AVAGG,2756640.0,4935.0,15721.0,558.0,446882.0,-567.0,True,False,English,
388.0,KYEDAE,52999380.0,5715.0,15710.0,9273.0,2107522.0,48107.0,True,False,English,
389.0,EINTRACHTSPANDAU,4415385.0,480.0,15699.0,9198.0,93792.0,3765.0,True,False,German,
390.0,LESTREAM,19997370.0,6210.0,15682.0,3220.0,1000084.0,86.0,True,False,French,
391.0,IEPINBALL,6395775.0,2445.0,15642.0,2615.0,6192.0,1371.0,True,False,English,
392.0,POLISPOL1,22480410.0,9465.0,15575.0,2375.0,1058315.0,30019.0,True,False,Spanish,
393.0,叶ちゃんねる (KANAE_2434),31958235.0,5265.0,15562.0,6069.0,303337.0,19774.0,False,False,Japanese,
394.0,らいじん (ALFREA),44333340.0,11460.0,15552.0,3868.0,108169.0,7568.0,True,False,Japanese,
395.0,DOUBLELIFT,9530655.0,945.0,15539.0,10085.0,1751316.0,253.0,True,False,English,
396.0,ELWIND,29284575.0,3750.0,15513.0,7809.0,990803.0,11403.0,True,False,Turkish,
397.0,EGORKREED,14929995.0,2010.0,15500.0,7427.0,1153152.0,21758.0,True,False,Russian,
398.0,마젠타_ (MAGENTA62),17285055.0,6045.0,15477.0,2859.0,415778.0,11461.0,True,False,Korean,
399.0,SAPNAPLIVE,6317760.0,585.0,15462.0,10799.0,1232516.0,4319.0,True,False,English,
400.0,WILLNEFF,26273955.0,7995.0,15407.0,3286.0,400552.0,3365.0,True,False,English,
401.0,HONEYMAD,52179510.0,6420.0,15403.0,8127.0,706100.0,-29544.0,True,True,Russian,
402.0,KOI,6029400.0,1845.0,15341.0,3267.0,265910.0,4023.0,True,False,Spanish,
403.0,LACOBRAAA,28081155.0,5850.0,15312.0,4800.0,360369.0,31994.0,True,False,Spanish,
404.0,POKIMANE,32254215.0,3150.0,15215.0,10239.0,9287048.0,10038.0,True,False,English,
405.0,TRAINWRECKSTV,4547850.0,540.0,15177.0,8421.0,2112210.0,-2795.0,True,True,English,
406.0,CROWN,1839885.0,300.0,15174.0,6132.0,189746.0,-875.0,True,False,English,
407.0,VINESAUCE,21901050.0,3600.0,15160.0,6083.0,553440.0,3170.0,True,True,English,
408.0,TWM_LOL,3035265.0,495.0,15151.0,6131.0,15202.0,14514.0,True,False,Chinese,
409.0,SUBROZA,40563330.0,9405.0,15124.0,4312.0,898127.0,9214.0,True,False,English,
410.0,SERGIOFFERRA,6589695.0,6540.0,15123.0,1007.0,62019.0,12261.0,True,False,Spanish,
411.0,침착맨 (ZILIONER),47578080.0,6780.0,15113.0,7017.0,748591.0,9179.0,True,False,Korean,
412.0,LUKISTEVE,39858435.0,5100.0,15093.0,7815.0,273830.0,5290.0,True,False,Polish,
413.0,BISTECONEE,8966610.0,9240.0,15022.0,970.0,153822.0,45936.0,False,False,Portuguese,
414.0,AROYITT,15458715.0,5145.0,15019.0,3004.0,1954953.0,44121.0,True,False,Spanish,
415.0,MCH_AGG,24868740.0,35880.0,15008.0,693.0,594921.0,2509.0,True,False,Portuguese,
416.0,ML7SUPPORT,42294465.0,10650.0,14940.0,3971.0,693473.0,15106.0,True,False,English,
417.0,SHADOWKEKW,21599265.0,2670.0,14905.0,8089.0,350376.0,4685.0,True,False,Russian,
418.0,KOMANCHE,6003060.0,5250.0,14871.0,1143.0,1461556.0,69435.0,True,False,Spanish,
419.0,FOLAGORLIVES,18840210.0,7515.0,14854.0,2507.0,1530973.0,11800.0,True,False,Spanish,
420.0,ERAY,64359240.0,7965.0,14849.0,8080.0,800288.0,33630.0,True,True,Turkish,
421.0,YOMAX,47397540.0,12930.0,14825.0,3665.0,520621.0,21470.0,True,False,French,
422.0,STANISLAW89,28688625.0,3900.0,14820.0,7356.0,124986.0,13093.0,False,True,Russian,
423.0,SHXTOU,23214720.0,4305.0,14809.0,5392.0,972012.0,29050.0,True,False,English,
424.0,TOPSONOUS,8578815.0,975.0,14791.0,8798.0,511661.0,3435.0,True,True,English,
425.0,TEAMHERETICS,4325715.0,630.0,14784.0,6866.0,151825.0,9582.0,True,False,Spanish,
426.0,VICKYPALAMI,42399315.0,6810.0,14774.0,6226.0,496422.0,64349.0,True,False,Spanish,
427.0,CZECHCLOUD,25545720.0,11835.0,14751.0,2158.0,417708.0,5774.0,True,False,Czech,
428.0,SKAIN,17380065.0,3450.0,14721.0,5037.0,175696.0,9460.0,True,False,Spanish,
429.0,NADIA,40479705.0,10620.0,14720.0,3811.0,1007614.0,64597.0,True,False,English,
430.0,ELAJJAZ,99883845.0,12255.0,14628.0,8150.0,446388.0,2010.0,True,False,English,
431.0,1PVCS,18015525.0,14325.0,14578.0,1257.0,135249.0,899.0,True,False,French,Yes
432.0,MASL_SOCCER,4901730.0,3180.0,14558.0,1541.0,10530.0,2345.0,True,False,Spanish,
433.0,QUICKYBABY,55401630.0,10575.0,14530.0,5238.0,539092.0,4605.0,True,False,English,
434.0,POKEMON,7222980.0,2850.0,14492.0,2534.0,583715.0,10351.0,True,False,English,
435.0,XMERGHANI,38646960.0,4815.0,14428.0,8026.0,317534.0,15555.0,True,False,Polish,
436.0,CLOAKZY,33180000.0,7650.0,14425.0,4337.0,2842404.0,5358.0,True,False,English,
437.0,TONIKI,17462115.0,6660.0,14416.0,2621.0,193413.0,11264.0,True,False,Spanish,
438.0,다주 (DDA_JU),39934020.0,10530.0,14411.0,3792.0,362735.0,2561.0,True,False,Korean,
439.0,AKYULIYCH,5926110.0,1725.0,14406.0,3435.0,737580.0,26051.0,True,False,Russian,
440.0,HUTCHMF,74037855.0,20325.0,14382.0,3642.0,286390.0,10751.0,True,True,English,
441.0,ROLLINGSTONE,8170770.0,2145.0,14378.0,3809.0,55845.0,556.0,True,False,English,
442.0,POKERSTARS,36405045.0,7725.0,14376.0,4712.0,324559.0,11413.0,True,True,English,
443.0,GRENHEIR,9095325.0,2040.0,14359.0,4458.0,138667.0,31500.0,True,False,Spanish,
444.0,CSGOMC_UA,27750255.0,11850.0,14352.0,2341.0,65900.0,12804.0,True,False,Ukrainian,
445.0,LENAGOL0VACH,52063695.0,6600.0,14338.0,7888.0,402629.0,14943.0,True,False,Russian,
446.0,CCT_EN,39767790.0,18885.0,14237.0,2105.0,311885.0,13358.0,True,False,English,Yes
447.0,ESL_SC2,17594730.0,42945.0,14229.0,409.0,374610.0,1908.0,True,False,English,Yes
448.0,MRSCHIMCHIM,2746830.0,6825.0,14226.0,402.0,34903.0,1147.0,True,False,English,
449.0,PURPLEBIXI,17078955.0,3405.0,14217.0,5015.0,301009.0,5536.0,True,False,Turkish,
450.0,YAYSTER,6809490.0,780.0,14183.0,8730.0,310477.0,10609.0,True,False,English,
451.0,A_SEAGULL,43678290.0,7425.0,14168.0,5882.0,1175718.0,8359.0,True,True,English,
452.0,FPSTHAILAND,15314970.0,8730.0,14094.0,1754.0,545032.0,1634.0,True,False,Thai,Yes
453.0,MONDO2244,10101870.0,8115.0,14093.0,1244.0,65694.0,21129.0,True,False,Japanese,
454.0,ありさか (CR_ARISAKAAA),43301115.0,6360.0,14053.0,6808.0,263509.0,20309.0,True,False,Japanese,
455.0,RAQUEL,2200035.0,2385.0,14051.0,922.0,70440.0,2084.0,True,False,English,
456.0,RECRENT,89316525.0,15555.0,14034.0,5741.0,912979.0,18183.0,True,False,Russian,
457.0,PUNISHER,3271200.0,11520.0,14023.0,283.0,224358.0,-579.0,True,False,English,
458.0,SIMPLY,23639100.0,9180.0,14012.0,2575.0,284326.0,5393.0,True,False,English,
459.0,NINJA,30371820.0,3540.0,14004.0,8579.0,18460871.0,12824.0,False,False,English,
460.0,MASKENISSEN,4123515.0,675.0,13970.0,6108.0,297789.0,9292.0,False,False,English,
461.0,うめきデイジー (UMEKIDAISY1117),10233420.0,12840.0,13970.0,796.0,19759.0,7316.0,True,False,Japanese,
462.0,JORGINHORP,3707400.0,10755.0,13961.0,344.0,26606.0,20749.0,False,True,Portuguese,
463.0,KNEKRO,76202310.0,12855.0,13940.0,5927.0,951214.0,6709.0,True,False,Spanish,
464.0,DMITRY_LIXXX,61463550.0,8385.0,13913.0,7330.0,1135243.0,-4150.0,True,False,Russian,
465.0,JANKOS,28617555.0,4365.0,13907.0,6556.0,1258863.0,4608.0,True,False,English,
466.0,GLORIOUS_E,57385680.0,12630.0,13867.0,4543.0,241361.0,11199.0,True,True,English,
467.0,BATALHADAALDEIA,6498015.0,5910.0,13822.0,1099.0,432313.0,9048.0,True,False,Portuguese,
468.0,R6ESPORTSBR,16754370.0,2385.0,13802.0,7024.0,572494.0,6641.0,True,False,Portuguese,Yes
469.0,EASPORTSFIFAMOBILE,935235.0,105.0,13791.0,8907.0,54095.0,16819.0,True,False,English,
470.0,MISSMIKKAA,37793085.0,10020.0,13769.0,3771.0,175217.0,29574.0,True,False,English,
471.0,HIKO,20524320.0,4995.0,13755.0,4108.0,1758324.0,1353.0,True,False,English,
472.0,MRJACKSONLIVE,860880.0,8115.0,13737.0,106.0,6772.0,375.0,False,False,Portuguese,
473.0,REWINSIDE,14833365.0,3900.0,13732.0,3803.0,1768277.0,19724.0,True,False,German,
474.0,TENACITYTV,5889705.0,6255.0,13694.0,941.0,234575.0,8772.0,True,False,English,
475.0,LOVEFORTYSIX,5251995.0,3705.0,13669.0,1417.0,20094.0,1844.0,True,True,English,
476.0,MLS,2336340.0,360.0,13632.0,6489.0,42683.0,1424.0,True,False,English,Yes
477.0,GALEGUINS,12902265.0,6750.0,13579.0,1911.0,429758.0,20170.0,True,False,Portuguese,
478.0,ALLMUSICCONSIDERED,5020665.0,2730.0,13551.0,1839.0,23984.0,2537.0,True,False,English,
479.0,따효니 (DDAHYONI),51320190.0,14265.0,13546.0,3597.0,363921.0,554.0,True,False,Korean,
480.0,FRONTIERDEVELOPMENTS,1809495.0,900.0,13546.0,2010.0,79197.0,671.0,False,False,English,
481.0,JACKEYY,33995760.0,5850.0,13533.0,5811.0,372310.0,8526.0,True,False,Thai,
482.0,ROCKETLEAGUEOCE,6647595.0,840.0,13476.0,7913.0,110103.0,7753.0,True,False,English,Yes
483.0,DAFRAN,34003410.0,8670.0,13465.0,3921.0,826834.0,5263.0,True,False,English,
484.0,COCONUTB,43462095.0,10980.0,13449.0,3958.0,413876.0,6751.0,True,True,English,
485.0,BONJWA,99039210.0,23985.0,13433.0,4129.0,224350.0,4661.0,True,False,German,
486.0,ABEAUTIFULDEATH,7317360.0,5100.0,13427.0,1434.0,67716.0,3432.0,True,False,Turkish,Yes
487.0,MISTERMV,20562975.0,3735.0,13398.0,5505.0,830293.0,2276.0,True,False,French,
488.0,HARUGLORY,21000210.0,8160.0,13353.0,2573.0,32428.0,3367.0,True,False,Japanese,
489.0,NYANNERS,23428215.0,3855.0,13336.0,6077.0,1001801.0,6212.0,True,True,English,
490.0,SAFADASSO,2577045.0,8145.0,13330.0,316.0,184483.0,19839.0,True,True,Portuguese,
491.0,THEREALMARZAA,35674200.0,11100.0,13329.0,3213.0,1192841.0,7853.0,True,False,Italian,
492.0,쌍베 (PACIFIC8815),33601215.0,8040.0,13279.0,4179.0,228641.0,531.0,True,False,Korean,
493.0,スタンミ (SUTANMI),22300770.0,7515.0,13274.0,2967.0,227256.0,3374.0,True,False,Japanese,
494.0,CHESSBRAH,25480740.0,13680.0,13249.0,1862.0,298771.0,6661.0,True,False,English,
495.0,TEAMFIGHTTACTICS,7358190.0,2265.0,13245.0,3248.0,143913.0,2445.0,False,False,English,
496.0,VIVIENDOENLACALLE,64557150.0,42945.0,13215.0,1503.0,205923.0,55656.0,True,False,Spanish,
497.0,STAYSAFETV,22811970.0,14475.0,13214.0,1575.0,221788.0,1721.0,True,True,English,
498.0,DUKE,7491330.0,1095.0,13203.0,6841.0,1119459.0,42540.0,True,False,English,
499.0,ZOEWRENMUSIC,3091785.0,2175.0,13188.0,1421.0,37180.0,1366.0,True,False,English,
500.0,ILTW1,12402045.0,5985.0,13175.0,2072.0,143148.0,4992.0,True,False,Russian,
501.0,FLORRYWORRY,8919615.0,5055.0,13171.0,1764.0,77033.0,373.0,True,False,English,
502.0,TOMLEESE_,3633510.0,4845.0,13161.0,749.0,155147.0,2955.0,True,False,English,
503.0,MOKRIVSKYI,7665900.0,1605.0,13140.0,4776.0,823145.0,-81344.0,False,False,Russian,
504.0,SOLARYFORTNITE,35157375.0,41220.0,13134.0,852.0,2103075.0,12998.0,True,False,French,Yes
505.0,XFIBII,29426385.0,9750.0,13121.0,3018.0,506238.0,40055.0,True,False,German,
506.0,DOKTORFROID,12937815.0,4125.0,13119.0,3136.0,233251.0,712.0,True,False,German,
507.0,SINDICS,6337590.0,6255.0,13111.0,1013.0,197404.0,6717.0,True,False,Russian,
508.0,JOPLAYSVIOLIN,4622295.0,4305.0,13078.0,1073.0,39032.0,1789.0,True,False,English,
509.0,FOOTBALLBROMANCE,10518465.0,2820.0,13056.0,3729.0,77890.0,4490.0,True,False,German,
510.0,LOCKLEAR,28441995.0,4410.0,13049.0,6449.0,1955511.0,8592.0,True,False,French,
511.0,TTTCHEEKYTTT,11034375.0,6975.0,13034.0,1581.0,117583.0,24607.0,True,False,English,
512.0,BLUETHUNDER,1609920.0,2085.0,13033.0,772.0,10079.0,324.0,True,False,English,
513.0,DARIAPSINA,2235345.0,285.0,13031.0,7843.0,197572.0,11776.0,True,False,Russian,
514.0,STEPHANMR,16927500.0,10770.0,12984.0,1571.0,171668.0,37841.0,False,False,Portuguese,
515.0,A_N_I_N_Y_A,4521105.0,6495.0,12969.0,696.0,40667.0,20937.0,True,False,Russian,
516.0,DAYDREAMERDAN,1899855.0,6015.0,12951.0,315.0,16181.0,157.0,True,False,English,
517.0,파카9999 (PAKA9999),39733200.0,5085.0,12942.0,7813.0,427049.0,9654.0,True,False,Korean,
518.0,BLIZZB3AR,1662390.0,3015.0,12941.0,551.0,34259.0,476.0,True,False,English,
519.0,STRAY228,83547120.0,9705.0,12937.0,8608.0,1363485.0,18074.0,True,False,Russian,
520.0,SUMMONERSINNLIVE,25309140.0,3780.0,12924.0,6695.0,581401.0,2711.0,True,False,German,Yes
521.0,RIOTGAMESTURKISH,14587425.0,4155.0,12905.0,3510.0,834695.0,2713.0,True,False,Turkish,Yes
522.0,VEIBAE,32542605.0,4635.0,12859.0,7021.0,991048.0,6198.0,True,True,English,
523.0,LOLIPOPGI,2200140.0,4080.0,12842.0,539.0,21050.0,295.0,True,True,English,
524.0,ABUGOKU9999,73084095.0,12510.0,12837.0,5842.0,430402.0,21880.0,True,False,German,
525.0,世誠 (BBBB87),33641505.0,7710.0,12829.0,4363.0,131765.0,1891.0,True,True,Chinese,
526.0,KARCHEZ,11760525.0,5310.0,12827.0,2214.0,1432448.0,50399.0,True,False,Spanish,
527.0,DINABLIN,7815210.0,4140.0,12798.0,1887.0,424497.0,504.0,True,False,Russian,
528.0,연초봄 (YEONCHOBOM),1401945.0,1845.0,12785.0,759.0,82261.0,741.0,True,False,Korean,
529.0,ボドカさん (VODKAVDK),38207745.0,11895.0,12750.0,3212.0,299172.0,16907.0,True,False,Japanese,
530.0,SANNIHALLA,5730615.0,2940.0,12738.0,1949.0,43846.0,2236.0,True,False,English,
531.0,JACAREPEREIRA,3955440.0,12600.0,12704.0,313.0,28736.0,10409.0,False,True,Portuguese,
532.0,ゆきお2 (YUKIOFPS14),25400235.0,8610.0,12701.0,2950.0,148129.0,2896.0,True,False,Japanese,
533.0,XTHESOLUTIONTV,28149735.0,10065.0,12673.0,2796.0,625680.0,6883.0,True,False,German,
534.0,UNICORNIO,15656625.0,6600.0,12653.0,2372.0,886992.0,21863.0,True,False,Spanish,
535.0,WRECKSNOTHING,3011775.0,2325.0,12650.0,1295.0,76600.0,9441.0,False,False,Russian,
536.0,LUCIANPLAYSALLDAY,959745.0,7560.0,12633.0,126.0,5930.0,290.0,False,False,English,
537.0,YOINTERNETO,5014830.0,960.0,12602.0,5223.0,293302.0,5062.0,True,False,Spanish,
538.0,MEIKODRJ,14527725.0,2445.0,12597.0,5941.0,653590.0,4913.0,True,True,Portuguese,
539.0,CAPTAINPUFFY,14420295.0,3780.0,12592.0,3814.0,1554099.0,-3269.0,True,False,English,
540.0,DELEGARP,19069335.0,11700.0,12563.0,1629.0,283501.0,62550.0,True,False,Portuguese,
541.0,PGL_DOTA2EN3,5118255.0,975.0,12560.0,5249.0,106353.0,1643.0,True,False,English,
542.0,SEUM,3416025.0,13740.0,12545.0,248.0,81886.0,124.0,True,False,English,
543.0,STEEL,27114555.0,8295.0,12544.0,3268.0,222629.0,9415.0,True,False,Russian,
544.0,B0ATY,39472605.0,8760.0,12530.0,4506.0,569369.0,3403.0,True,True,English,
545.0,BOTEZLIVE,26976540.0,4485.0,12502.0,6014.0,1169257.0,16517.0,True,False,English,
546.0,탬탬버린 (2CHAMCHAM2),37700685.0,7785.0,12487.0,4842.0,608789.0,3276.0,True,False,Korean,
547.0,TITANLOL1,11529390.0,2700.0,12480.0,4270.0,284001.0,6615.0,True,False,Portuguese,
548.0,GONCHO,42080070.0,10395.0,12478.0,4048.0,1129954.0,15601.0,True,True,Spanish,
549.0,DANECOOKGAMING,6537180.0,11400.0,12460.0,573.0,45289.0,27309.0,True,False,English,
550.0,LUANZ7_,61073265.0,16680.0,12456.0,3661.0,315438.0,74085.0,True,True,Portuguese,
551.0,TOWELLIEE,48056445.0,19575.0,12439.0,2454.0,949594.0,2484.0,True,False,English,
552.0,FRANIO,41821575.0,8580.0,12436.0,4874.0,318249.0,11903.0,True,False,Polish,
553.0,FANHORP,4491330.0,6900.0,12429.0,650.0,251844.0,17644.0,False,True,Portuguese,
554.0,TAKUU_,25663935.0,3675.0,12416.0,6983.0,107177.0,5534.0,True,True,Polish,
555.0,ABE,7115070.0,8745.0,12406.0,813.0,290843.0,760.0,True,False,English,
556.0,TAMPANEVERSLEEPS,9927285.0,4725.0,12396.0,2101.0,40890.0,2416.0,True,False,English,
557.0,OHNEPIXEL,62987715.0,12135.0,12379.0,5190.0,272540.0,8667.0,True,False,English,
558.0,FROSTPRIME_,8679945.0,8775.0,12378.0,989.0,91830.0,1810.0,True,False,English,
559.0,HISWATTSON,50030550.0,8805.0,12376.0,5682.0,491047.0,19605.0,True,False,English,
560.0,BOXBOX,44990160.0,7650.0,12338.0,5881.0,2060013.0,905.0,True,False,English,
561.0,CXMMUNITY,4361490.0,570.0,12331.0,7651.0,11127.0,511.0,True,False,English,Yes
562.0,TWITCH,1637175.0,225.0,12330.0,7276.0,2256304.0,-48.0,True,False,English,
563.0,BILALKAMARIEH7,3112425.0,4770.0,12311.0,652.0,70330.0,3488.0,False,False,German,
564.0,DYRACHYO,5398770.0,765.0,12308.0,7057.0,101349.0,13203.0,False,False,Russian,
565.0,피닉스박1 (XKWHD),49962615.0,18195.0,12307.0,2745.0,239932.0,7798.0,True,False,Korean,
566.0,HORTYUNDERSCORE,12217605.0,2760.0,12304.0,4426.0,216099.0,11389.0,True,False,French,
567.0,OLLIEGAMERZ,4217190.0,4695.0,12273.0,898.0,648129.0,26779.0,True,False,Spanish,
568.0,AVOIDINGTHEPUDDLE,20826240.0,5550.0,12259.0,3752.0,407314.0,1348.0,True,True,English,
569.0,강지 (RKDWL12),27545325.0,7905.0,12251.0,3484.0,664880.0,11920.0,True,False,Korean,
570.0,SCRUFFOFTHENECK,2135220.0,735.0,12249.0,2905.0,13425.0,149.0,True,False,English,
571.0,おにや (ONIYADAYO),50172210.0,7725.0,12218.0,6494.0,218428.0,6156.0,True,False,Japanese,
572.0,NICOTHEO_OFF,1450860.0,7920.0,12195.0,183.0,6250.0,694.0,False,False,French,
573.0,S0MCS,13620900.0,2310.0,12191.0,5896.0,786034.0,4661.0,True,False,English,
574.0,GRENBAUD,18733875.0,2955.0,12186.0,6339.0,870243.0,7571.0,True,True,Italian,
575.0,GREENRADOM,678075.0,915.0,12165.0,741.0,16440.0,7.0,False,False,German,
576.0,EMONGG,66223680.0,14655.0,12103.0,4518.0,831174.0,20146.0,True,False,English,
577.0,ELSENORDELOSCIELOS8,10018260.0,4440.0,12075.0,2256.0,22669.0,13266.0,False,False,Spanish,
578.0,SASATIKK,77170140.0,12420.0,12046.0,6213.0,178732.0,5064.0,True,False,Japanese,
579.0,MONSTERENERGY,691740.0,75.0,12013.0,9223.0,27835.0,50.0,True,False,English,
580.0,SUPERGIRLGP,4630035.0,2235.0,11991.0,2071.0,12776.0,366.0,True,False,English,
581.0,CLINTSTEVENS,36883065.0,5100.0,11971.0,7231.0,548347.0,6387.0,True,False,English,
582.0,PVFRANGO,7500660.0,7680.0,11948.0,976.0,411685.0,25619.0,False,False,Portuguese,
583.0,BTSSMASH4,4333590.0,1470.0,11939.0,2948.0,45021.0,2217.0,True,False,English,
584.0,FRAMETAMER666,27444540.0,5520.0,11932.0,4971.0,725443.0,30074.0,True,False,Russian,
585.0,XCUDI,2852820.0,14655.0,11854.0,194.0,50797.0,114.0,True,False,English,
586.0,ROSHTEIN,22484400.0,5790.0,11853.0,3883.0,1074806.0,5.0,False,True,English,
587.0,WIRTUAL,29409345.0,4770.0,11847.0,6165.0,342340.0,9272.0,True,False,English,
588.0,NIMUVT,6478710.0,2400.0,11845.0,2699.0,2398793.0,47974.0,True,False,Spanish,
589.0,IMLS,42578445.0,12060.0,11816.0,3530.0,640188.0,1249.0,True,False,English,Yes
590.0,MUNDODEPORTIVO1906,15923085.0,4860.0,11785.0,3276.0,3192.0,975.0,False,False,Spanish,
591.0,ZEALSAMBITIONS,44601150.0,11985.0,11700.0,3721.0,276930.0,1149.0,True,False,English,
592.0,STRIB,4147830.0,2745.0,11676.0,1511.0,113285.0,3139.0,True,False,Spanish,
593.0,火暴可可 (XHIBAOGER),10527450.0,1695.0,11647.0,6210.0,241547.0,5462.0,True,False,Chinese,
594.0,REPAZ,25399470.0,14535.0,11641.0,1747.0,667794.0,4785.0,True,True,German,
595.0,JUVENTUS,2844510.0,2055.0,11601.0,1384.0,83709.0,2532.0,True,False,Italian,
596.0,AUSTIN_07,4481205.0,24075.0,11598.0,186.0,24698.0,620.0,True,True,English,
597.0,TWIIX_AL,15224070.0,7470.0,11596.0,2038.0,8286.0,7826.0,False,False,English,
598.0,VOODOOSH,62416230.0,10830.0,11565.0,5763.0,242015.0,2595.0,True,False,Russian,
599.0,ELISAWAVES,4755405.0,5160.0,11549.0,921.0,419443.0,11778.0,True,True,Spanish,
600.0,GOOFYWISE,1496460.0,2220.0,11535.0,674.0,13369.0,130.0,True,True,English,
601.0,BLUEANDQUEENIE,2321535.0,8250.0,11528.0,281.0,87943.0,164.0,True,False,English,
602.0,JAY3,37165650.0,13335.0,11523.0,2787.0,457710.0,23955.0,True,False,English,
603.0,XCHOCOBARS,11561625.0,6495.0,11516.0,1780.0,962566.0,1691.0,True,False,English,
604.0,ABSOLUTEHABIBI,1613370.0,5130.0,11499.0,314.0,20288.0,345.0,True,True,English,
605.0,IAMCRISTININI,25599000.0,7455.0,11489.0,3433.0,3209507.0,27024.0,True,False,Spanish,
606.0,LETICIAXMOTTA,1511790.0,405.0,11481.0,3732.0,56131.0,4316.0,True,False,Portuguese,
607.0,SABYSPARK,1834080.0,3540.0,11474.0,518.0,14003.0,678.0,True,False,English,
608.0,TFBLADE,35421555.0,8925.0,11467.0,3968.0,1226605.0,7831.0,True,False,English,
609.0,NEVER_LOSES,30730950.0,6615.0,11430.0,4645.0,265292.0,2317.0,True,False,Chinese,
610.0,CALEBHART42,22741605.0,10875.0,11428.0,2091.0,205601.0,585.0,True,False,English,
611.0,WELOVEGAMES,38486610.0,14415.0,11417.0,2669.0,457024.0,5372.0,True,False,Russian,
612.0,FOOLISH_GAMERS,70800225.0,14190.0,11406.0,4989.0,1812324.0,5820.0,True,False,English,
613.0,룩삼 (LOOKSAM),19075620.0,7455.0,11406.0,2558.0,305499.0,1216.0,True,False,Korean,
614.0,POPO,21386100.0,3435.0,11388.0,6225.0,418975.0,3299.0,True,False,Polish,
615.0,MUHANJAN,8767260.0,4155.0,11377.0,2110.0,139157.0,8150.0,False,True,Russian,
616.0,삼식 (INECR7024),41851035.0,10110.0,11368.0,4139.0,231711.0,6935.0,True,False,Korean,
617.0,RMCSPORT,8693670.0,11565.0,11307.0,751.0,116069.0,19390.0,True,False,French,
618.0,RPGLIMITBREAK,13293660.0,10470.0,11301.0,1269.0,130759.0,805.0,True,False,English,
619.0,TOLUNAYOREN,17486280.0,5385.0,11240.0,3247.0,711066.0,39413.0,True,False,Turkish,
620.0,FURKAN,6947535.0,1275.0,11235.0,5449.0,38863.0,16842.0,True,False,Turkish,
621.0,LUQUITARODRIGUEZ,5523240.0,2190.0,11233.0,2522.0,378325.0,5281.0,True,True,Spanish,
622.0,SUPERTF,69880170.0,13485.0,11232.0,5182.0,568089.0,9762.0,True,False,English,
623.0,SOYMOTOR,5239500.0,3150.0,11222.0,1663.0,106800.0,3402.0,True,False,Spanish,
624.0,NORTHERNLION,46730400.0,6000.0,11221.0,7788.0,601154.0,5301.0,True,False,English,
625.0,SKILLZ0R1337,6974340.0,2400.0,11206.0,2905.0,230816.0,4039.0,False,False,Russian,
626.0,NAKOO_FN,17127045.0,7890.0,11180.0,2170.0,682925.0,12113.0,True,False,Spanish,
627.0,BECCA,20932650.0,13995.0,11173.0,1495.0,420795.0,275.0,True,False,English,
628.0,老皮 (MOBILMOBIL),62781840.0,9270.0,11168.0,6772.0,524440.0,2357.0,True,True,Chinese,
629.0,DISTORTION2,79054260.0,14385.0,11143.0,5495.0,522909.0,5761.0,True,True,English,
630.0,MRSAVAGE,14655375.0,2940.0,11126.0,4984.0,2821100.0,27592.0,True,False,English,
631.0,BJERGSENLOL,3189795.0,510.0,11122.0,6254.0,1515341.0,1513.0,True,False,English,
632.0,JUSTCOOMAN,54254520.0,9525.0,11109.0,5696.0,332273.0,12017.0,True,False,Russian,
633.0,IWDOMINATE,37032030.0,7785.0,11097.0,4756.0,851465.0,1452.0,True,False,English,
634.0,ATOSMOCHIS,5742900.0,3735.0,11087.0,1537.0,3056.0,2754.0,False,False,Spanish,
635.0,BLXCKOUTZ,81880275.0,42855.0,11063.0,1910.0,1567596.0,38108.0,True,False,Portuguese,
636.0,LVPCL,4092210.0,1560.0,11063.0,2623.0,62156.0,855.0,True,False,Spanish,
637.0,TRASHTASTEPODCAST,1285575.0,135.0,11057.0,9522.0,353075.0,535.0,True,False,English,
638.0,녹두로 (NOKDURO),30925500.0,4635.0,11056.0,6672.0,269917.0,535.0,True,False,Korean,
639.0,KOSSTOCHKA,4669935.0,2715.0,11050.0,1720.0,101920.0,5168.0,True,True,Russian,
640.0,RICOY,34025640.0,7350.0,11044.0,4629.0,357324.0,17741.0,True,True,Spanish,
641.0,허니츄러스 (HONEYCHURROS),4964520.0,1335.0,11043.0,3718.0,59086.0,32886.0,False,False,Korean,
642.0,AVERAGEJONAS,22194840.0,10740.0,11015.0,2066.0,939027.0,10930.0,True,False,English,
643.0,ZELLSIS,3475485.0,3255.0,11012.0,1067.0,351731.0,6334.0,True,True,English,
644.0,RTGAME,14534475.0,2460.0,10996.0,5908.0,1135624.0,2417.0,True,False,English,
645.0,PENTA,68586885.0,9690.0,10989.0,7078.0,350658.0,1758.0,True,True,English,
646.0,LAMEDIAINGLESA,8421405.0,2130.0,10989.0,3953.0,65201.0,5579.0,True,False,Spanish,
647.0,GUACAMOLEMOLLY,12334920.0,4125.0,10963.0,2990.0,306490.0,4839.0,True,True,Russian,
648.0,ZYBLOL,12332355.0,3360.0,10957.0,3670.0,74208.0,26934.0,True,False,English,
649.0,LAINK,5271900.0,1470.0,10949.0,3586.0,694374.0,3594.0,True,False,French,
650.0,김도 (KIMDOE),60080865.0,12555.0,10934.0,4785.0,318893.0,-111.0,True,True,Korean,
651.0,DJGAMERPLAYER,1687215.0,9435.0,10926.0,178.0,15733.0,4140.0,False,True,Portuguese,
652.0,슈카월드 (TORONA1),6155835.0,720.0,10926.0,8549.0,141842.0,1531.0,False,False,Korean,
653.0,NEOFOX,1202265.0,4815.0,10919.0,249.0,11688.0,1010.0,True,False,English,
654.0,SAFINEE,2929260.0,1455.0,10908.0,2013.0,133357.0,7324.0,True,False,French,
655.0,RUMATHRA,9917175.0,15180.0,10892.0,653.0,667612.0,3874.0,True,False,German,
656.0,GIGGAND,23920995.0,4710.0,10890.0,5078.0,526238.0,1302.0,True,True,German,
657.0,MOAUBA,5334795.0,3870.0,10890.0,1378.0,325261.0,912.0,True,False,German,
658.0,LVPCOL,4260810.0,2430.0,10884.0,1753.0,33415.0,1395.0,True,False,Spanish,
659.0,CHIGRE,11096895.0,5790.0,10832.0,1916.0,322234.0,4844.0,True,False,Spanish,
660.0,ROCKETSTREETLIVE,13608825.0,3555.0,10818.0,3828.0,163656.0,13223.0,True,False,Spanish,
661.0,김진우 (JINU6734),41920095.0,9255.0,10810.0,4529.0,333578.0,3219.0,False,False,Korean,
662.0,KOIL,18145680.0,8325.0,10789.0,2179.0,548719.0,378.0,True,True,English,
663.0,GETONMYLVLTV,22021800.0,21840.0,10788.0,1008.0,82668.0,82639.0,True,True,German,
664.0,FUSION88,11897385.0,10305.0,10775.0,1154.0,110600.0,32278.0,False,True,Portuguese,
665.0,LEODKN1,580695.0,600.0,10754.0,967.0,1208.0,250.0,False,False,Portuguese,
666.0,WERLYB,22354035.0,6225.0,10742.0,3591.0,745134.0,5608.0,True,False,Spanish,
667.0,BROSSKIEZ,3656625.0,2955.0,10721.0,1237.0,38042.0,2192.0,True,False,Turkish,
668.0,LANDONORRIS,547365.0,60.0,10702.0,9122.0,1333354.0,245.0,True,False,English,
669.0,PESTILY,27143205.0,6075.0,10700.0,4468.0,1278510.0,2501.0,True,False,English,
670.0,CHAP_GG,43583505.0,10440.0,10690.0,4174.0,255877.0,5363.0,True,False,French,
671.0,UNIVERSONOVELAS,1837185.0,675.0,10674.0,2721.0,7742.0,5532.0,False,True,Spanish,
672.0,PUTUPAU,20644605.0,8430.0,10673.0,2448.0,373907.0,5606.0,True,True,Spanish,
673.0,THATVIOLINCHICK,4613985.0,11610.0,10651.0,397.0,39398.0,1243.0,True,False,English,
674.0,ZONAGEMELOS,3129300.0,480.0,10642.0,6519.0,79053.0,9776.0,False,True,Spanish,
675.0,CABOCHARDLOL,11198895.0,2895.0,10633.0,3868.0,127242.0,9108.0,True,False,French,
676.0,YEJUNIVERSE,5940495.0,3960.0,10607.0,1500.0,101717.0,2561.0,True,False,English,
677.0,LUXIEGAMES,4020930.0,4485.0,10558.0,896.0,88683.0,1094.0,True,True,English,
678.0,STOOPZZ,30617190.0,8655.0,10545.0,3537.0,170651.0,1307.0,True,False,English,
679.0,QUARTERJADE,25894740.0,4815.0,10544.0,5377.0,1029449.0,14167.0,True,False,English,
680.0,TOMMYINNIT,2426700.0,270.0,10531.0,8987.0,7373528.0,941.0,True,False,English,
681.0,GRANDPOOBEAR,12725805.0,10110.0,10497.0,1258.0,302303.0,789.0,True,False,English,
682.0,KITBOGA,28623210.0,3675.0,10485.0,7788.0,1161068.0,5908.0,True,False,English,
683.0,DREAMWASTAKEN,1511415.0,195.0,10481.0,7750.0,980329.0,787.0,False,False,English,
684.0,JAPANESEKOREANUG,22979970.0,9255.0,10478.0,2482.0,86209.0,8509.0,True,False,Japanese,
685.0,GAFALLEN,2998350.0,615.0,10469.0,4875.0,1449980.0,1832.0,True,False,Portuguese,
686.0,2K,500415.0,75.0,10451.0,6672.0,2219.0,660.0,True,False,English,
687.0,BRUNENGER,57677475.0,15135.0,10412.0,3810.0,878516.0,24162.0,True,False,Spanish,
688.0,YLSANT,1723620.0,1455.0,10395.0,1184.0,16574.0,1054.0,False,False,Russian,
689.0,BRUCEGREENE,7751415.0,12015.0,10389.0,645.0,216951.0,826.0,True,False,English,
690.0,REZONFN,7953285.0,7815.0,10385.0,1017.0,469296.0,12233.0,True,False,German,
691.0,SETSUKOTFT,30376545.0,10110.0,10364.0,3004.0,60660.0,6368.0,True,False,English,
692.0,OMEDSUELO,2462505.0,3855.0,10360.0,638.0,83514.0,4262.0,False,False,German,
693.0,LOSPOLLOSTV,9387315.0,1980.0,10354.0,4741.0,686482.0,1228.0,True,False,English,
694.0,ROCKY_,29047770.0,7455.0,10349.0,3896.0,409395.0,6999.0,True,False,French,
695.0,KURUMX,7429995.0,7815.0,10340.0,950.0,77511.0,942.0,True,False,English,
696.0,IM_DONTAI,29463390.0,5655.0,10317.0,5210.0,1709888.0,19871.0,True,False,English,
697.0,CYR,14070825.0,4845.0,10314.0,2904.0,583933.0,1069.0,True,True,English,
698.0,BT0TV,41388450.0,41850.0,10266.0,988.0,399520.0,5309.0,True,False,Portuguese,
699.0,DESCONECTADOS_TV,6966540.0,1725.0,10251.0,4038.0,99399.0,16972.0,False,False,Spanish,
700.0,97ZONER,7024260.0,9000.0,10248.0,780.0,46067.0,4487.0,True,False,Russian,
701.0,ENVIOSITY,26301795.0,7950.0,10244.0,3308.0,743888.0,4716.0,True,False,English,
702.0,TOMMYINNITALT,223140.0,30.0,10238.0,7438.0,1608498.0,109.0,True,False,English,
703.0,SVETASOLLARR,2805690.0,2745.0,10224.0,1022.0,85667.0,15071.0,False,False,Russian,
704.0,MGG_FR,13802520.0,12480.0,10221.0,1105.0,67187.0,2126.0,True,False,French,
705.0,NATSUMIII,9573405.0,6495.0,10206.0,1473.0,530267.0,-26.0,True,False,English,
706.0,PHOTOCHESS,6176550.0,5880.0,10201.0,1050.0,23326.0,754.0,True,False,English,
707.0,IKERCASILLAS,1889790.0,1545.0,10199.0,1223.0,77300.0,33273.0,True,False,Spanish,
708.0,PIKABOOIRL,58026495.0,17925.0,10195.0,3237.0,401412.0,7197.0,True,False,English,
709.0,DEEPINS02,13093845.0,2220.0,10190.0,5898.0,1417513.0,-66093.0,True,False,Russian,
710.0,ALBRALELIE,11282175.0,12375.0,10175.0,911.0,598176.0,662.0,True,False,English,
711.0,NNIRU,23976765.0,11220.0,10165.0,2136.0,342374.0,12622.0,True,False,Japanese,
712.0,OTZDARVA,54102000.0,8055.0,10151.0,6716.0,868334.0,7437.0,True,False,English,
713.0,BEYONDTHESUMMIT,34733670.0,42600.0,10124.0,815.0,1175623.0,1916.0,True,False,English,Yes
714.0,KARLNETWORK,15157650.0,2550.0,10123.0,5944.0,1345815.0,11040.0,True,False,English,
715.0,UPSETGER,13049325.0,4815.0,10117.0,2710.0,114673.0,17852.0,True,False,English,
716.0,H3CZ,759150.0,660.0,10105.0,1150.0,120051.0,1216.0,True,False,English,
717.0,IMANTADO,4930320.0,5190.0,10094.0,949.0,511839.0,11010.0,True,False,Spanish,
718.0,IZAKOOO,29370720.0,14130.0,10087.0,2078.0,1832564.0,7824.0,True,False,Polish,
719.0,JUANJOGAMEPLAY,833790.0,2685.0,10058.0,310.0,131863.0,3483.0,True,False,Spanish,
720.0,쉐리 (KSS7749),18297705.0,8820.0,10053.0,2074.0,191699.0,533.0,True,False,Korean,
721.0,RATIRL,28135290.0,5685.0,10045.0,4949.0,781806.0,3001.0,True,True,English,
722.0,JINNYTTY,45786105.0,10485.0,10040.0,4366.0,856491.0,8553.0,True,False,English,
723.0,SHISHEYU_MAYAMOTO,36082740.0,8400.0,10038.0,4295.0,111058.0,1946.0,True,False,French,
724.0,BUGHA,8182350.0,2760.0,10025.0,2964.0,5155276.0,22111.0,True,False,English,
725.0,TODURORP,5411940.0,9960.0,10022.0,543.0,99916.0,40454.0,False,True,Portuguese,
726.0,ANNACRAMLING,19671465.0,6285.0,10020.0,3129.0,276966.0,19715.0,True,False,English,
727.0,LAKSHARTNIA,9544710.0,5895.0,10019.0,1619.0,1201092.0,26120.0,True,False,Spanish,
728.0,PAOLOIDOLO,24935430.0,12240.0,10016.0,2037.0,453102.0,1613.0,True,False,Italian,
729.0,TIVIBUSPOR,5376075.0,7845.0,10002.0,685.0,40379.0,4992.0,False,False,Turkish,
730.0,TINAKITTEN,19572405.0,3675.0,9988.0,5325.0,1308316.0,14979.0,True,False,English,
731.0,VLESK,9274380.0,6225.0,9948.0,1489.0,246916.0,1495.0,True,False,German,
732.0,LCKCL,15548355.0,3645.0,9946.0,4265.0,69581.0,7435.0,False,False,Korean,Yes
733.0,TCK10,46413255.0,14490.0,9934.0,3203.0,230769.0,22473.0,True,True,Portuguese,
734.0,LEONBRATT,3917070.0,3390.0,9932.0,1155.0,55616.0,765.0,True,False,English,
735.0,PHILZA,17327325.0,3930.0,9916.0,4408.0,4141011.0,3508.0,True,True,English,
736.0,MOGTALK,54087630.0,10215.0,9913.0,5294.0,42150.0,12423.0,True,False,English,
737.0,FISHNOTHING,3689655.0,13365.0,9898.0,276.0,20565.0,3905.0,True,False,Portuguese,
738.0,COREANO,55156545.0,17340.0,9881.0,3180.0,553972.0,13496.0,True,False,Portuguese,
739.0,ALESSIASANTERAMO,9342930.0,4035.0,9873.0,2315.0,58196.0,3343.0,True,False,English,
740.0,LUCIID_TW,6547770.0,7215.0,9868.0,907.0,96872.0,1770.0,True,False,English,
741.0,GAYMINGMAG,790230.0,555.0,9864.0,1423.0,5039.0,258.0,True,False,English,
742.0,더플레이스튜디오 (THEPLAYSTUDIO),3822480.0,720.0,9861.0,5309.0,1311.0,641.0,False,False,Korean,
743.0,AGENTEMAXO,11973765.0,6945.0,9852.0,1724.0,1133919.0,8528.0,True,False,Spanish,
744.0,KARASMAI,17972595.0,11775.0,9842.0,1526.0,477954.0,4108.0,True,False,English,
745.0,HAZRETIYASUO,10036275.0,3630.0,9841.0,2764.0,706502.0,41938.0,False,False,Turkish,
746.0,JUDD,12321030.0,7785.0,9832.0,1582.0,140698.0,4330.0,True,True,English,
747.0,CH14,4794735.0,2025.0,9822.0,2367.0,873864.0,52225.0,True,False,Spanish,
748.0,TECTONE,30808545.0,10290.0,9820.0,2994.0,808833.0,-615.0,True,False,English,
749.0,TORONTOTOKYO17,12019935.0,3045.0,9818.0,3947.0,175633.0,18281.0,True,False,Russian,
750.0,BROXAH,60274410.0,11145.0,9797.0,5408.0,436820.0,16243.0,True,False,English,
751.0,H2P_GUCIO,55482000.0,11580.0,9780.0,4791.0,318984.0,5174.0,True,False,Polish,
752.0,XARI,10696095.0,2790.0,9779.0,3833.0,400537.0,289.0,True,False,French,
753.0,RIMA0326,310575.0,285.0,9778.0,1089.0,6711.0,517.0,False,False,English,
754.0,LCO,7623540.0,1890.0,9756.0,4033.0,38897.0,3532.0,True,False,English,Yes
755.0,STERZIK,6666450.0,3300.0,9755.0,2020.0,81934.0,6039.0,True,False,German,
756.0,ICECREAMUPLOADS,1095330.0,3720.0,9752.0,294.0,3792.0,180.0,True,False,English,
757.0,ROCIODTA,16075110.0,5085.0,9746.0,3161.0,798171.0,41394.0,True,False,Spanish,
758.0,NRGGG,958320.0,210.0,9739.0,4563.0,241347.0,676.0,True,False,English,
759.0,KAYDOP,20604930.0,5190.0,9726.0,3970.0,707294.0,11674.0,True,False,French,
760.0,SPAWNONME,1096665.0,195.0,9725.0,5623.0,9552.0,169.0,True,True,English,
761.0,AUSSIEANTICS,50644650.0,16185.0,9725.0,3129.0,922579.0,20951.0,True,False,English,Yes
762.0,FARFADOXVEVO,21927090.0,3885.0,9718.0,5644.0,1303203.0,41210.0,True,False,Spanish,
763.0,CURTISRYAN,16221750.0,17025.0,9699.0,952.0,170154.0,3704.0,True,True,English,
764.0,STAIY,43708770.0,8445.0,9690.0,5175.0,315824.0,1533.0,True,False,German,
765.0,CACHO01,30188505.0,8790.0,9689.0,3434.0,655261.0,32868.0,True,False,Spanish,
766.0,VALORANT_BR,13401555.0,2640.0,9668.0,5076.0,538837.0,5540.0,True,False,Portuguese,Yes
767.0,ARTY,2191710.0,345.0,9662.0,6352.0,1442.0,428.0,True,False,English,
768.0,JELTY,11929200.0,3600.0,9654.0,3313.0,2921939.0,15595.0,True,False,Spanish,
769.0,ELMIILLOR,48868545.0,10770.0,9631.0,4537.0,797279.0,1356.0,True,False,Spanish,
770.0,AUNKERE,13675965.0,4170.0,9629.0,3279.0,442645.0,14346.0,True,False,Russian,
771.0,SOYCHAPATV,1117080.0,2550.0,9626.0,438.0,30398.0,1482.0,False,False,Spanish,
772.0,BRKK,23406780.0,12180.0,9625.0,1921.0,409048.0,33766.0,False,True,Portuguese,
773.0,AUZIOMF,16611825.0,8520.0,9618.0,1949.0,118528.0,14686.0,True,False,English,
774.0,MAYA,13299900.0,2505.0,9611.0,5309.0,729115.0,2925.0,True,False,English,
775.0,NAGUURA,22950495.0,9900.0,9597.0,2318.0,325136.0,5819.0,True,False,English,
776.0,J4MOD,3613155.0,2190.0,9594.0,1649.0,13314.0,2910.0,False,False,English,
777.0,ADMIRALBAHROO,46072545.0,9000.0,9592.0,5119.0,829313.0,-1204.0,True,False,English,
778.0,DALTOOSH,35660640.0,11160.0,9572.0,3195.0,744198.0,4258.0,True,False,English,
779.0,BARBAROUSKING,66575580.0,17820.0,9568.0,3736.0,192149.0,1225.0,True,True,English,
780.0,김뿡_ (BBONGE_),17655510.0,8595.0,9564.0,2054.0,141479.0,2528.0,True,False,Korean,
781.0,ALE_APOKA,38825760.0,40935.0,9523.0,948.0,276168.0,4426.0,True,True,Portuguese,
782.0,MAGIC,1681365.0,855.0,9510.0,1966.0,432431.0,586.0,True,False,English,Yes
783.0,SPKCLB,4607265.0,2715.0,9504.0,1696.0,256147.0,10810.0,False,False,Portuguese,
784.0,MRDZINOLD,16399920.0,4395.0,9491.0,3731.0,277976.0,26059.0,True,False,Polish,
785.0,MELHARUCOS,50496765.0,13995.0,9490.0,3608.0,408485.0,841.0,True,True,Russian,
786.0,DRUTUTT,67639770.0,12390.0,9463.0,5459.0,404400.0,16859.0,True,False,English,
787.0,ARROZYDESGRACIAS,11205030.0,3885.0,9457.0,2884.0,187055.0,33123.0,True,False,Spanish,
788.0,JENNYAN,16823850.0,6480.0,9455.0,2596.0,145022.0,3643.0,True,False,German,
789.0,ZILVERK,9565260.0,4245.0,9445.0,2253.0,1792956.0,24325.0,True,False,Spanish,
790.0,XENOSYSVEX,48129465.0,16020.0,9444.0,3004.0,128307.0,5827.0,True,False,English,
791.0,SARTHE,6962550.0,9810.0,9444.0,709.0,40602.0,3010.0,True,False,English,
792.0,小森めと (MET_KOMORI),10348365.0,2565.0,9436.0,4034.0,140551.0,18110.0,False,False,Japanese,
793.0,LEFRENCHRESTREAM,22673490.0,7755.0,9435.0,2923.0,70926.0,961.0,True,False,French,
794.0,REVENTXZ,21007605.0,8490.0,9435.0,2474.0,910140.0,-1366.0,True,False,Spanish,
795.0,MANDE,51852645.0,10860.0,9433.0,4774.0,406972.0,17723.0,True,False,English,
796.0,AA9SKILLZ,18786810.0,7710.0,9427.0,2436.0,731279.0,8574.0,True,False,English,
797.0,C_A_K_E,47594610.0,12795.0,9417.0,3719.0,351684.0,380.0,True,False,Russian,
798.0,ATT_OFICIAL,4959510.0,9375.0,9415.0,529.0,206359.0,15622.0,False,False,Portuguese,
799.0,JIRAYALECOCHON,10088490.0,3300.0,9411.0,3057.0,553928.0,3388.0,True,False,French,
800.0,JONATHANONG,1469400.0,4050.0,9406.0,362.0,83187.0,2405.0,True,False,English,
801.0,39DAPH,64200000.0,11685.0,9391.0,5494.0,1164360.0,4112.0,True,False,English,
802.0,BUCHER,2813205.0,6240.0,9386.0,450.0,42487.0,3367.0,True,False,German,
803.0,XTH0REK,20907015.0,5460.0,9380.0,3829.0,258623.0,819.0,True,False,Polish,
804.0,ODABLOCK,47568675.0,12870.0,9371.0,3696.0,278578.0,4677.0,True,False,English,
805.0,HADIPLAYSMUSIC,2058390.0,2520.0,9369.0,816.0,8534.0,458.0,True,False,English,
806.0,SKILL4LTU,44932635.0,11820.0,9368.0,3801.0,265445.0,7310.0,True,True,English,
807.0,VICE,2710005.0,2235.0,9367.0,1212.0,4899.0,1031.0,True,True,English,
808.0,AUSTINEKELER,516315.0,165.0,9367.0,3129.0,35680.0,205.0,True,False,English,
809.0,LETSHUGOTV,69496395.0,37620.0,9356.0,1847.0,333751.0,63805.0,True,False,German,
810.0,BLACKUFA,39284880.0,9030.0,9346.0,4350.0,343592.0,3182.0,True,False,Russian,
811.0,FAIDE,44992890.0,8415.0,9301.0,5346.0,750137.0,30068.0,True,False,English,
812.0,PAPESAN,15189195.0,4200.0,9291.0,3616.0,271592.0,11027.0,True,False,French,
813.0,AYDAN,47126010.0,15810.0,9279.0,2980.0,2947782.0,5773.0,True,True,English,
814.0,JOSEDEODO,1105440.0,150.0,9279.0,7369.0,361269.0,453.0,True,False,Spanish,
815.0,TUANZY,1338270.0,285.0,9276.0,4695.0,333220.0,672.0,True,True,English,
816.0,PIPEPUNK,2877855.0,2490.0,9275.0,1155.0,1432739.0,14531.0,True,False,Spanish,
817.0,ESL_CSGOD,3362520.0,1860.0,9274.0,1807.0,69511.0,4036.0,True,False,English,
818.0,SKYWHYWALKER,31652730.0,6165.0,9269.0,5134.0,351376.0,50077.0,True,False,Russian,
819.0,KAYANETV,1285830.0,2355.0,9258.0,546.0,51906.0,1427.0,True,False,French,
820.0,PLAYHARD,7735005.0,5145.0,9256.0,1503.0,1080276.0,12696.0,True,False,Portuguese,
821.0,CRITICAS_QLS,5988000.0,1380.0,9244.0,4339.0,264921.0,4070.0,True,False,Spanish,
822.0,SEIKOSHA_TV,397545.0,1065.0,9235.0,373.0,1273.0,35.0,False,True,Dutch,
823.0,ZY0XXX,17128545.0,3195.0,9226.0,5361.0,238255.0,11329.0,True,False,English,
824.0,TONTON,33709530.0,10320.0,9211.0,3266.0,443164.0,132.0,True,False,French,
825.0,凱琪 (APHROLIN1107),13396860.0,4260.0,9191.0,3144.0,239776.0,2310.0,True,False,Chinese,
826.0,PATHTOLCS,9695475.0,3570.0,9188.0,2715.0,9649.0,4086.0,False,False,English,
827.0,ANNAGAZANIS,1246815.0,3915.0,9180.0,318.0,80221.0,13527.0,True,False,German,
828.0,LOL_NEMESIS,55132440.0,15585.0,9177.0,3537.0,623694.0,14132.0,True,False,English,
829.0,RDCGAMING,8301570.0,1320.0,9175.0,6289.0,554445.0,5264.0,True,False,English,
830.0,ゆゆうた押忍 (YUYUTA0702),27181440.0,6240.0,9169.0,4356.0,150548.0,5775.0,False,False,Japanese,
831.0,FCBAYERNBASKETBALL,3372795.0,2220.0,9148.0,1519.0,2997.0,1548.0,True,False,German,
832.0,MINERVA,27864270.0,10650.0,9142.0,2616.0,193152.0,17424.0,True,False,Portuguese,
833.0,OCWSPORT,17855580.0,6975.0,9096.0,2559.0,113028.0,8350.0,True,False,Italian,
834.0,YATORO21,1990260.0,600.0,9082.0,3317.0,223553.0,2165.0,True,False,Russian,
835.0,TERRACID,9137340.0,3210.0,9081.0,2846.0,839199.0,5254.0,True,False,French,
836.0,JUJALAG,24438930.0,6705.0,9066.0,3644.0,418249.0,10110.0,True,False,Spanish,
837.0,TANUKANA_,1136910.0,315.0,9065.0,3609.0,19950.0,7434.0,False,False,Japanese,
838.0,EUPROLEAGUE_EN,5503905.0,5880.0,9047.0,936.0,13172.0,4596.0,False,False,English,
839.0,ROBINSONGZ,19611045.0,8850.0,9038.0,2215.0,85872.0,2411.0,True,False,English,
840.0,BILLYWILKINSOFFICIAL,1549290.0,1920.0,9033.0,806.0,15016.0,1098.0,True,False,English,
841.0,ROSTISLAV_999,14476410.0,3075.0,9022.0,4707.0,418579.0,16090.0,True,False,Russian,
842.0,DOUGDOUGW,14178870.0,2340.0,9022.0,6059.0,572392.0,11394.0,True,False,English,
843.0,ALEFTORREZ,9552645.0,9735.0,9016.0,981.0,233386.0,26304.0,True,False,Portuguese,
844.0,SWEETDREAMS,9558735.0,2370.0,8989.0,4033.0,793332.0,1283.0,True,False,English,
845.0,PELICANGER,10066050.0,4875.0,8987.0,2064.0,350385.0,38083.0,True,False,Spanish,
846.0,GRPZDC,21637215.0,3690.0,8984.0,5863.0,52881.0,-47998.0,True,True,Russian,
847.0,CINENOVELERO,4354170.0,2355.0,8981.0,1848.0,12273.0,12003.0,False,False,Spanish,
848.0,SACY,11409810.0,2010.0,8981.0,5676.0,565234.0,16768.0,True,True,Portuguese,
849.0,COCHISE,1674645.0,4590.0,8980.0,364.0,77589.0,7311.0,True,False,English,
850.0,OTKNETWORK,12933750.0,42615.0,8975.0,303.0,239245.0,4894.0,True,False,English,
851.0,IMAQTPIE,34590480.0,12465.0,8974.0,2775.0,2596423.0,-119.0,True,False,English,
852.0,NECROS,19776810.0,8460.0,8954.0,2337.0,352369.0,10647.0,True,False,English,
853.0,RAZAH,18479700.0,13905.0,8952.0,1328.0,183399.0,3002.0,True,False,Portuguese,
854.0,VIIBIIN,8061165.0,17295.0,8941.0,466.0,33444.0,3855.0,True,True,English,
855.0,PREMIERTWO,7329225.0,6915.0,8939.0,1059.0,75725.0,11733.0,True,False,English,
856.0,DOGDOG,43518075.0,9735.0,8912.0,4470.0,634772.0,1186.0,True,False,English,
857.0,BETBOOM_ENG,9824955.0,3735.0,8888.0,2630.0,14493.0,2576.0,True,False,English,
858.0,FREEKBASS,628275.0,2520.0,8886.0,249.0,2402.0,118.0,False,False,English,
859.0,METASHI12,27209970.0,11925.0,8882.0,2281.0,172694.0,5392.0,True,True,German,
860.0,MAYICHI,8564235.0,6135.0,8877.0,1395.0,1710003.0,15773.0,True,False,Spanish,
861.0,LLUNACLARK,13209375.0,6060.0,8876.0,2179.0,164153.0,26641.0,True,False,Spanish,
862.0,RIVENZI,15748950.0,6840.0,8874.0,2302.0,242852.0,4062.0,True,False,French,
863.0,LIZZZOGUB,706860.0,105.0,8866.0,6732.0,22901.0,7166.0,False,False,Russian,
864.0,RAINHOE,16433490.0,8760.0,8857.0,1875.0,141439.0,6511.0,True,True,English,
865.0,SHANKS_TTV,47075550.0,13890.0,8857.0,3389.0,414718.0,15420.0,True,True,English,
866.0,서새봄냥 (SADDUMMY),77931810.0,17475.0,8854.0,4459.0,656423.0,317.0,True,False,Korean,
867.0,TUTCHIO,615045.0,9045.0,8853.0,67.0,2512.0,150.0,False,True,French,
868.0,GOLDENGUARDIANS,2056575.0,600.0,8847.0,3427.0,12938.0,761.0,True,False,English,
869.0,STEVEFORWARD,621690.0,2505.0,8837.0,248.0,4482.0,236.0,False,False,English,
870.0,SAUDIESPORTS_,725310.0,180.0,8833.0,4029.0,19941.0,2188.0,False,False,Arabic,
871.0,LNGLIVEOFFICIAL,1856955.0,255.0,8830.0,7282.0,256344.0,21.0,True,True,Chinese,
872.0,ITSJSTN,5682840.0,1905.0,8826.0,2983.0,576150.0,7693.0,True,False,English,
873.0,MAZZATOMAS,59836755.0,15225.0,8824.0,3930.0,184613.0,61491.0,False,True,Spanish,
874.0,NOTMES,15913335.0,23220.0,8818.0,685.0,152000.0,1452.0,True,False,English,
875.0,SMOKEY,3927360.0,5985.0,8809.0,656.0,43457.0,624.0,True,True,English,
876.0,MOKRYSUCHAR,15183285.0,4035.0,8804.0,3762.0,167163.0,4599.0,True,False,Polish,
877.0,VEDAL987,16245390.0,4275.0,8801.0,3800.0,166736.0,75650.0,False,False,English,
878.0,플러리 (FLURRY1989),25641180.0,11430.0,8793.0,2243.0,212065.0,1474.0,True,False,Korean,
879.0,SOSFANTALIVE,1649640.0,1050.0,8770.0,1571.0,55430.0,775.0,True,False,Italian,
880.0,PERIDOTLOL,37115415.0,11625.0,8769.0,3192.0,15251.0,10806.0,False,False,English,
881.0,TA1YO_TV,14799315.0,10545.0,8756.0,1403.0,211907.0,5646.0,True,False,Japanese,
882.0,MIXWELL,16738260.0,3135.0,8755.0,5339.0,944876.0,12835.0,True,False,Spanish,
883.0,DKAYED,33653010.0,6495.0,8728.0,5181.0,196405.0,1711.0,True,False,English,
884.0,COLLEGECARBALL,2273325.0,345.0,8724.0,6589.0,143058.0,658.0,True,False,English,Yes
885.0,BETHESDA_DE,1293045.0,975.0,8719.0,1326.0,49593.0,1321.0,True,True,German,
886.0,GP_TV,5725920.0,14070.0,8686.0,406.0,81398.0,175.0,True,True,English,
887.0,THEYHATENESS,494250.0,5895.0,8681.0,83.0,18598.0,1272.0,True,True,English,
888.0,실프_ (SILPHTV),26403255.0,16095.0,8679.0,1640.0,349413.0,3174.0,True,False,Korean,
889.0,CHILLEDCHAOS,52004775.0,8865.0,8671.0,5866.0,432414.0,2022.0,True,False,English,
890.0,러너교 (RUNNER0608),40484475.0,10365.0,8670.0,3905.0,260805.0,1035.0,True,False,Korean,
891.0,SKYLINETVLIVE,12466020.0,3150.0,8670.0,3957.0,119295.0,6686.0,True,False,German,
892.0,PARISPLATYNOV,22443060.0,5550.0,8666.0,4043.0,416356.0,10947.0,True,False,Polish,
893.0,MONSOONGG,1147605.0,6225.0,8659.0,184.0,69253.0,687.0,True,True,English,
894.0,KYLE,58847145.0,11805.0,8652.0,4984.0,502036.0,5513.0,True,True,English,
895.0,RAVSHANN,15961110.0,4320.0,8652.0,3694.0,123809.0,18706.0,True,False,Russian,
896.0,STARYUUKI,17770845.0,4920.0,8641.0,3611.0,2881832.0,34275.0,True,False,Spanish,
897.0,SNOODYBOO,19878375.0,9555.0,8634.0,2080.0,127836.0,613.0,True,False,Spanish,
898.0,CHARMQUELL,2387730.0,2280.0,8631.0,1047.0,67184.0,17801.0,False,False,Turkish,
899.0,嬌兔 (ZRUSH),50071680.0,13290.0,8625.0,3767.0,249315.0,1662.0,True,True,Chinese,
900.0,YASSUO,33134835.0,9210.0,8623.0,3597.0,2012583.0,7216.0,True,False,English,
901.0,김남봉 (KIMNAMSOON),16232250.0,12510.0,8623.0,1297.0,137600.0,2998.0,True,False,Korean,
902.0,SKYKTOWALKER,11180970.0,2820.0,8607.0,3964.0,100806.0,20748.0,False,False,Russian,
903.0,SYLVEEY,2262195.0,3690.0,8579.0,613.0,256240.0,2184.0,True,False,English,
904.0,SNEAKYLOL,51264495.0,17430.0,8579.0,2941.0,1762439.0,2104.0,True,False,English,
905.0,SILVERVALE,13889130.0,3075.0,8575.0,4516.0,407056.0,6955.0,True,False,English,
906.0,JOJOHF,4339170.0,1305.0,8564.0,3325.0,1127811.0,5735.0,True,False,Russian,
907.0,TPK_LIVE,10416660.0,5670.0,8512.0,1837.0,39109.0,4474.0,True,False,French,
908.0,CANBIZZ_,2305380.0,4035.0,8512.0,571.0,28774.0,904.0,True,False,French,
909.0,GALOUTOF,381645.0,7665.0,8508.0,49.0,1064.0,142.0,False,True,French,
910.0,BEBE872,34488090.0,17100.0,8497.0,2016.0,186445.0,5274.0,True,False,English,
911.0,FLIGHT23WHITE,7142070.0,1305.0,8495.0,5472.0,2020043.0,9604.0,True,False,English,
912.0,SAKEN_LOL,9140100.0,2280.0,8486.0,4008.0,132644.0,5621.0,True,False,French,
913.0,BRANCARP_,300510.0,5355.0,8469.0,56.0,18803.0,1176.0,False,False,Portuguese,
914.0,DARKSHIRAH,3492165.0,10950.0,8461.0,318.0,18378.0,4574.0,True,False,German,
915.0,SHIVFPS,14486010.0,4800.0,8453.0,3017.0,1465068.0,6461.0,True,False,English,
916.0,CHOPPERZ14,3272355.0,3195.0,8448.0,1024.0,443342.0,4849.0,True,False,Arabic,
917.0,PAIVINHA29,41400450.0,12900.0,8422.0,3209.0,181058.0,18960.0,True,False,Portuguese,
918.0,SKIPPYPOPPIN,1817070.0,270.0,8416.0,6729.0,245796.0,-4.0,True,True,English,
919.0,EL_YUSTE,19709760.0,5025.0,8416.0,3922.0,151807.0,3214.0,True,False,Spanish,
920.0,餐餐自由配 (BLUSEWILLY_RETRY),32516190.0,7950.0,8413.0,4090.0,435430.0,930.0,True,False,Chinese,
921.0,TESHRAK,5241705.0,7995.0,8407.0,655.0,36236.0,665.0,True,False,Spanish,
922.0,TRAUSI,8158380.0,8145.0,8401.0,1001.0,212304.0,2464.0,True,False,English,
923.0,BREAK,7263000.0,8400.0,8398.0,864.0,304438.0,-178.0,True,False,English,
924.0,DANERGYLIVE,4812360.0,8160.0,8376.0,589.0,112761.0,6754.0,True,False,German,
925.0,NICKEH30,28028265.0,8595.0,8374.0,3260.0,4308948.0,34301.0,True,False,English,
926.0,KNOQD,3598245.0,4470.0,8370.0,804.0,172457.0,1772.0,True,True,English,
927.0,PLAQUEBOYMAX,45363360.0,9720.0,8364.0,4667.0,342467.0,36806.0,True,False,English,
928.0,SCHRODINGERLEE,13406655.0,7515.0,8326.0,1783.0,854532.0,17461.0,True,False,English,
929.0,TAYLOR_JEVAUX,23363070.0,5820.0,8317.0,4014.0,1721508.0,8748.0,True,False,English,
930.0,TWITCHSPORTS,133380.0,600.0,8309.0,222.0,54991.0,-98.0,True,False,English,
931.0,KENNZY,22908645.0,11910.0,8279.0,1923.0,389913.0,8366.0,True,False,Portuguese,
932.0,SGARES,5364615.0,6705.0,8265.0,800.0,269691.0,4215.0,True,False,English,
933.0,김뚜띠_ (KIMDDUDDI),11998380.0,3495.0,8264.0,3433.0,203920.0,1064.0,True,False,Korean,
934.0,PUNZ,23004420.0,7980.0,8260.0,2882.0,1443497.0,10.0,True,False,English,
935.0,LORDBALVIN,742290.0,2340.0,8231.0,317.0,9958.0,248.0,True,False,English,
936.0,CLAREMEANS,4581960.0,2955.0,8228.0,1550.0,8667.0,831.0,True,False,English,
937.0,SPACESTATION,3757275.0,1110.0,8221.0,3384.0,48691.0,4042.0,True,False,English,
938.0,GRONKHTV,66310305.0,42945.0,8219.0,1544.0,485934.0,6281.0,True,True,German,
939.0,MISSGERMANY,3124800.0,1980.0,8213.0,1578.0,37676.0,25156.0,True,False,German,
940.0,NAOWH,31396260.0,9405.0,8205.0,3338.0,252082.0,5992.0,True,False,English,
941.0,SCREAM,1789290.0,315.0,8196.0,5680.0,1506957.0,406.0,True,True,English,
942.0,FREIRAUMREH,6446760.0,3870.0,8193.0,1665.0,81769.0,1054.0,True,False,German,
943.0,옥냥이 (ROOFTOPCAT99),36680700.0,11355.0,8185.0,3230.0,317622.0,2639.0,True,False,Korean,
944.0,ALPHACAST,21844095.0,8010.0,8174.0,2727.0,605446.0,81.0,True,False,French,Yes
945.0,AIMSEY,6457290.0,3390.0,8170.0,1904.0,915314.0,6537.0,True,False,English,
946.0,SAMULX_,11685690.0,6615.0,8170.0,1766.0,91794.0,6615.0,True,False,Spanish,
947.0,MYM_ALKAPONE,43222170.0,11310.0,8167.0,3821.0,1117145.0,3441.0,True,False,Spanish,
948.0,COSCU,14024265.0,7635.0,8152.0,1836.0,3706869.0,7827.0,True,True,Spanish,
949.0,MARVEL,329745.0,105.0,8137.0,3140.0,47836.0,90.0,True,False,English,
950.0,EBONIVON,11596155.0,4395.0,8125.0,2638.0,358021.0,17010.0,True,True,Turkish,
951.0,NISQYY,9714270.0,5325.0,8124.0,1824.0,271987.0,2402.0,True,False,French,
952.0,JOLAVANILLE,42216480.0,12855.0,8119.0,3284.0,388312.0,8059.0,True,False,French,
953.0,KAORI123,6922605.0,3405.0,8097.0,2033.0,29378.0,11965.0,True,False,English,
954.0,TEEGRIZZLEY,25718895.0,5175.0,8093.0,4969.0,959263.0,20571.0,True,False,English,
955.0,YBICANOOOOBOV,41427405.0,9150.0,8083.0,4527.0,642166.0,755.0,True,False,Russian,
956.0,TOLKINLOL,39441315.0,11985.0,8076.0,3290.0,231617.0,3635.0,True,False,German,
957.0,VARGSKELETHOR,8367330.0,2325.0,8076.0,3598.0,375953.0,1635.0,True,True,English,
958.0,SOYEVADEMETAL,470670.0,1515.0,8075.0,310.0,42438.0,1671.0,True,False,Spanish,
959.0,CHUTYVKS,574020.0,120.0,8073.0,4783.0,235960.0,724.0,True,False,Spanish,
960.0,MINIMINTER,1657710.0,375.0,8073.0,4420.0,1874270.0,6861.0,True,False,English,
961.0,DAKILLZOR,22956405.0,14190.0,8053.0,1617.0,168264.0,3206.0,True,True,English,
962.0,PELEGRINO1993,27233550.0,11400.0,8052.0,2388.0,195740.0,9065.0,True,False,Portuguese,
963.0,HTALKS,18863565.0,6135.0,8051.0,3074.0,93334.0,11605.0,True,False,Turkish,
964.0,ITROLLEDU,16481415.0,18735.0,8049.0,879.0,43903.0,7405.0,True,True,English,
965.0,RAFAELAGRO,44160.0,1125.0,8044.0,39.0,1357.0,-1.0,False,False,Portuguese,
966.0,SPACEMANLIVE,1845870.0,2595.0,8041.0,711.0,38675.0,675.0,True,False,English,
967.0,ARIASAKI,27437715.0,9300.0,8031.0,2950.0,628185.0,5318.0,True,False,English,
968.0,SCARRA,21182115.0,8340.0,8021.0,2539.0,1594493.0,-479.0,True,False,English,
969.0,THEOWLCLUB,733020.0,240.0,8006.0,3054.0,28036.0,597.0,False,False,Spanish,
970.0,YAYAHUZ,18401220.0,7245.0,7992.0,2539.0,426239.0,6594.0,True,True,Portuguese,
971.0,RELAXING234,18101235.0,4665.0,7979.0,3880.0,458171.0,604.0,True,False,Chinese,
972.0,NATS,18754740.0,4755.0,7978.0,3944.0,543696.0,18426.0,True,False,English,
973.0,VALLEAGUE_FR,17828025.0,6180.0,7952.0,2884.0,113137.0,10136.0,True,False,French,Yes
974.0,VERHULST,10762785.0,7560.0,7951.0,1423.0,249310.0,8303.0,True,False,English,
975.0,FIRSTTEAM101,2583450.0,1110.0,7948.0,2327.0,58008.0,2531.0,True,False,French,
976.0,K1NG,15194550.0,6150.0,7945.0,2470.0,1789222.0,21668.0,True,False,Spanish,
977.0,BELLUM,3010800.0,4485.0,7941.0,671.0,47707.0,723.0,True,False,English,
978.0,K4T4N4,12744750.0,2445.0,7934.0,5212.0,165213.0,24095.0,False,True,Russian,
979.0,DMITRY_BALE,12955125.0,10050.0,7934.0,1289.0,77309.0,3136.0,True,False,Russian,
980.0,RDULIVE,55953900.0,13680.0,7929.0,4090.0,305939.0,3390.0,True,False,English,
981.0,PORSCHE,1584570.0,1920.0,7927.0,825.0,28898.0,957.0,True,False,English,
982.0,BTSSMASH3,2828700.0,1425.0,7919.0,1985.0,59712.0,1299.0,True,False,English,
983.0,CODOMA,1288425.0,9555.0,7897.0,134.0,3274.0,920.0,False,True,English,
984.0,BAGHERAJONES,12676800.0,3930.0,7893.0,3225.0,327137.0,7619.0,True,False,French,
985.0,NL_KRIPP,45673665.0,11085.0,7886.0,4120.0,1476444.0,-19.0,True,False,English,
986.0,ATRIOC,20072445.0,3990.0,7864.0,5030.0,321216.0,9098.0,True,False,English,
987.0,PRESTIVENT,7820940.0,5730.0,7857.0,1364.0,48268.0,1685.0,True,False,English,
988.0,BABURANIS,625380.0,1290.0,7853.0,484.0,7680.0,175.0,False,False,Portuguese,
989.0,DRAKEOFFC,6853860.0,3405.0,7842.0,2012.0,217372.0,12690.0,True,False,Russian,
990.0,DEANSOCOOL,10369170.0,13815.0,7824.0,750.0,275215.0,336.0,True,False,English,
991.0,TEA_PACMAN,1857645.0,2370.0,7807.0,783.0,14863.0,2892.0,False,False,Japanese,
992.0,WILLFOX,3032355.0,6345.0,7797.0,477.0,30522.0,747.0,True,False,English,
993.0,ROGUE,19600185.0,7260.0,7791.0,2699.0,789356.0,2551.0,True,False,English,
994.0,CERBERO_PODCAST,12171030.0,4755.0,7786.0,2559.0,336130.0,-4871.0,True,False,Italian,
995.0,WAKZLOL,26346465.0,8745.0,7772.0,3012.0,80862.0,7478.0,True,False,French,
996.0,MITCHJONES,10713090.0,2835.0,7768.0,3778.0,624070.0,591.0,False,False,English,
997.0,PMLEEK,574245.0,2415.0,7768.0,237.0,38999.0,385.0,True,False,French,
998.0,PINQTOST,1368945.0,375.0,7745.0,3650.0,160369.0,10798.0,False,False,Russian,
999.0,이춘향 (LEECHUNHYANG),28596975.0,11895.0,7739.0,2404.0,257847.0,4061.0,True,False,Korean,
1000.0,TARZANED,24296595.0,11010.0,7716.0,2206.0,537852.0,6292.0,True,True,English,
